url,type,status,final_url,title,description,canonical,robots,h1,word_count,internal_links,music_event,breadcrumb,error
https://kingdomcircuit.com/,home,200,https://kingdomcircuit.com/?full-audit=1,Christian Hip-Hop Shows & Concerts | The Kingdom Circuit,"Find verified Christian hip-hop concerts, Christian rap shows, festivals, tours, and live events across the United States.",https://kingdomcircuit.com/,"index,follow",Find Christian hip-hop shows.,3354,414,False,False,
https://kingdomcircuit.com/artists/,core,200,https://kingdomcircuit.com/artists/?full-audit=1,Christian Hip-Hop Artist Directory | The Kingdom Circuit,Browse Christian hip-hop artists and find verified upcoming concerts and official profiles.,https://kingdomcircuit.com/artists/,"index,follow",Christian Hip-Hop Artist Directory,2123,912,False,False,
https://kingdomcircuit.com/artists/116/,artist,200,https://kingdomcircuit.com/artists/116/?full-audit=1,116 Concerts & Tour Dates | The Kingdom Circuit,"Find upcoming 116 Christian hip-hop concerts, tour dates, festivals, and verified official show links.",https://kingdomcircuit.com/artists/116/,"index,follow",116,81,16,False,True,
https://kingdomcircuit.com/artists/1k-phew/,artist,200,https://kingdomcircuit.com/artists/1k-phew/?full-audit=1,1K Phew Concerts & Tour Dates | The Kingdom Circuit,"Find upcoming 1K Phew Christian hip-hop concerts, tour dates, festivals, and verified official show links.",https://kingdomcircuit.com/artists/1k-phew/,"index,follow",1K Phew,260,41,False,True,
https://kingdomcircuit.com/artists/2819-worship/,artist,200,https://kingdomcircuit.com/artists/2819-worship/?full-audit=1,2819 Worship Concerts & Tour Dates | The Kingdom Circuit,"Find upcoming 2819 Worship Christian hip-hop concerts, tour dates, festivals, and verified official show links.",https://kingdomcircuit.com/artists/2819-worship/,"index,follow",2819 Worship,85,16,False,True,
https://kingdomcircuit.com/artists/350/,artist,200,https://kingdomcircuit.com/artists/350/?full-audit=1,350 Concerts & Tour Dates | The Kingdom Circuit,"Find upcoming 350 Christian hip-hop concerts, tour dates, festivals, and verified official show links.",https://kingdomcircuit.com/artists/350/,"index,follow",350,81,16,False,True,
https://kingdomcircuit.com/artists/404-chew/,artist,200,https://kingdomcircuit.com/artists/404-chew/?full-audit=1,404 Chew Concerts & Tour Dates | The Kingdom Circuit,"Find upcoming 404 Chew Christian hip-hop concerts, tour dates, festivals, and verified official show links.",https://kingdomcircuit.com/artists/404-chew/,"index,follow",404 Chew,85,16,False,True,
https://kingdomcircuit.com/artists/4eva/,artist,200,https://kingdomcircuit.com/artists/4eva/?full-audit=1,4eva Concerts & Tour Dates | The Kingdom Circuit,"Find upcoming 4eva Christian hip-hop concerts, tour dates, festivals, and verified official show links.",https://kingdomcircuit.com/artists/4eva/,"index,follow",4eva,81,16,False,True,
https://kingdomcircuit.com/artists/a-i-the-anomaly/,artist,200,https://kingdomcircuit.com/artists/a-i-the-anomaly/?full-audit=1,A.I. The Anomaly Concerts & Tour Dates | The Kingdom Circuit,"Find upcoming A.I. The Anomaly Christian hip-hop concerts, tour dates, festivals, and verified official show links.",https://kingdomcircuit.com/artists/a-i-the-anomaly/,"index,follow",A.I. The Anomaly,93,16,False,True,
https://kingdomcircuit.com/artists/a-mose/,artist,200,https://kingdomcircuit.com/artists/a-mose/?full-audit=1,A Mose Concerts & Tour Dates | The Kingdom Circuit,"Find upcoming A Mose Christian hip-hop concerts, tour dates, festivals, and verified official show links.",https://kingdomcircuit.com/artists/a-mose/,"index,follow",A Mose,85,16,False,True,
https://kingdomcircuit.com/artists/a-star/,artist,200,https://kingdomcircuit.com/artists/a-star/?full-audit=1,A Star Concerts & Tour Dates | The Kingdom Circuit,"Find upcoming A Star Christian hip-hop concerts, tour dates, festivals, and verified official show links.",https://kingdomcircuit.com/artists/a-star/,"index,follow",A Star,85,16,False,True,
https://kingdomcircuit.com/artists/aaron-cole/,artist,200,https://kingdomcircuit.com/artists/aaron-cole/?full-audit=1,Aaron Cole Concerts & Tour Dates | The Kingdom Circuit,"Find upcoming Aaron Cole Christian hip-hop concerts, tour dates, festivals, and verified official show links.",https://kingdomcircuit.com/artists/aaron-cole/,"index,follow",Aaron Cole,85,16,False,True,
https://kingdomcircuit.com/artists/aasha-marie/,artist,200,https://kingdomcircuit.com/artists/aasha-marie/?full-audit=1,Aasha Marie Concerts & Tour Dates | The Kingdom Circuit,"Find upcoming Aasha Marie Christian hip-hop concerts, tour dates, festivals, and verified official show links.",https://kingdomcircuit.com/artists/aasha-marie/,"index,follow",Aasha Marie,85,16,False,True,
https://kingdomcircuit.com/artists/ada-betsab/,artist,200,https://kingdomcircuit.com/artists/ada-betsab/?full-audit=1,Ada Betsabé Concerts & Tour Dates | The Kingdom Circuit,"Find upcoming Ada Betsabé Christian hip-hop concerts, tour dates, festivals, and verified official show links.",https://kingdomcircuit.com/artists/ada-betsab/,"index,follow",Ada Betsabé,85,16,False,True,
https://kingdomcircuit.com/artists/adriel-cruz/,artist,200,https://kingdomcircuit.com/artists/adriel-cruz/?full-audit=1,Adriel Cruz Concerts & Tour Dates | The Kingdom Circuit,"Find upcoming Adriel Cruz Christian hip-hop concerts, tour dates, festivals, and verified official show links.",https://kingdomcircuit.com/artists/adriel-cruz/,"index,follow",Adriel Cruz,85,16,False,True,
https://kingdomcircuit.com/artists/aha-gazelle/,artist,200,https://kingdomcircuit.com/artists/aha-gazelle/?full-audit=1,Aha Gazelle Concerts & Tour Dates | The Kingdom Circuit,"Find upcoming Aha Gazelle Christian hip-hop concerts, tour dates, festivals, and verified official show links.",https://kingdomcircuit.com/artists/aha-gazelle/,"index,follow",Aha Gazelle,85,16,False,True,
https://kingdomcircuit.com/artists/aklesso/,artist,200,https://kingdomcircuit.com/artists/aklesso/?full-audit=1,Aklesso Concerts & Tour Dates | The Kingdom Circuit,"Find upcoming Aklesso Christian hip-hop concerts, tour dates, festivals, and verified official show links.",https://kingdomcircuit.com/artists/aklesso/,"index,follow",Aklesso,81,16,False,True,
https://kingdomcircuit.com/artists/alex-faith/,artist,200,https://kingdomcircuit.com/artists/alex-faith/?full-audit=1,Alex Faith Concerts & Tour Dates | The Kingdom Circuit,"Find upcoming Alex Faith Christian hip-hop concerts, tour dates, festivals, and verified official show links.",https://kingdomcircuit.com/artists/alex-faith/,"index,follow",Alex Faith,85,16,False,True,
https://kingdomcircuit.com/artists/alex-jean/,artist,200,https://kingdomcircuit.com/artists/alex-jean/?full-audit=1,Alex Jean Concerts & Tour Dates | The Kingdom Circuit,"Find upcoming Alex Jean Christian hip-hop concerts, tour dates, festivals, and verified official show links.",https://kingdomcircuit.com/artists/alex-jean/,"index,follow",Alex Jean,85,16,False,True,
https://kingdomcircuit.com/artists/alex-zurdo/,artist,200,https://kingdomcircuit.com/artists/alex-zurdo/?full-audit=1,Alex Zurdo Concerts & Tour Dates | The Kingdom Circuit,"Find upcoming Alex Zurdo Christian hip-hop concerts, tour dates, festivals, and verified official show links.",https://kingdomcircuit.com/artists/alex-zurdo/,"index,follow",Alex Zurdo,85,16,False,True,
https://kingdomcircuit.com/artists/alexxander/,artist,200,https://kingdomcircuit.com/artists/alexxander/?full-audit=1,Alexxander Concerts & Tour Dates | The Kingdom Circuit,"Find upcoming Alexxander Christian hip-hop concerts, tour dates, festivals, and verified official show links.",https://kingdomcircuit.com/artists/alexxander/,"index,follow",Alexxander,81,16,False,True,
https://kingdomcircuit.com/artists/alphein/,artist,200,https://kingdomcircuit.com/artists/alphein/?full-audit=1,Alphein Concerts & Tour Dates | The Kingdom Circuit,"Find upcoming Alphein Christian hip-hop concerts, tour dates, festivals, and verified official show links.",https://kingdomcircuit.com/artists/alphein/,"index,follow",Alphein,81,16,False,True,
https://kingdomcircuit.com/artists/andy-mineo/,artist,200,https://kingdomcircuit.com/artists/andy-mineo/?full-audit=1,Andy Mineo Concerts & Tour Dates | The Kingdom Circuit,"Find upcoming Andy Mineo Christian hip-hop concerts, tour dates, festivals, and verified official show links.",https://kingdomcircuit.com/artists/andy-mineo/,"index,follow",Andy Mineo,85,16,False,True,
https://kingdomcircuit.com/artists/angie-rose/,artist,200,https://kingdomcircuit.com/artists/angie-rose/?full-audit=1,Angie Rose Concerts & Tour Dates | The Kingdom Circuit,"Find upcoming Angie Rose Christian hip-hop concerts, tour dates, festivals, and verified official show links.",https://kingdomcircuit.com/artists/angie-rose/,"index,follow",Angie Rose,85,16,False,True,
https://kingdomcircuit.com/artists/anike/,artist,200,https://kingdomcircuit.com/artists/anike/?full-audit=1,Anike Concerts & Tour Dates | The Kingdom Circuit,"Find upcoming Anike Christian hip-hop concerts, tour dates, festivals, and verified official show links.",https://kingdomcircuit.com/artists/anike/,"index,follow",Anike,192,34,False,True,
https://kingdomcircuit.com/artists/antwoine-hill/,artist,200,https://kingdomcircuit.com/artists/antwoine-hill/?full-audit=1,Antwoine Hill Concerts & Tour Dates | The Kingdom Circuit,"Find upcoming Antwoine Hill Christian hip-hop concerts, tour dates, festivals, and verified official show links.",https://kingdomcircuit.com/artists/antwoine-hill/,"index,follow",Antwoine Hill,85,16,False,True,
https://kingdomcircuit.com/artists/applejaxx/,artist,200,https://kingdomcircuit.com/artists/applejaxx/?full-audit=1,Applejaxx Concerts & Tour Dates | The Kingdom Circuit,"Find upcoming Applejaxx Christian hip-hop concerts, tour dates, festivals, and verified official show links.",https://kingdomcircuit.com/artists/applejaxx/,"index,follow",Applejaxx,81,16,False,True,
https://kingdomcircuit.com/artists/ariel-kelly/,artist,200,https://kingdomcircuit.com/artists/ariel-kelly/?full-audit=1,Ariel Kelly Concerts & Tour Dates | The Kingdom Circuit,"Find upcoming Ariel Kelly Christian hip-hop concerts, tour dates, festivals, and verified official show links.",https://kingdomcircuit.com/artists/ariel-kelly/,"index,follow",Ariel Kelly,85,16,False,True,
https://kingdomcircuit.com/artists/arielle-nichole/,artist,200,https://kingdomcircuit.com/artists/arielle-nichole/?full-audit=1,Arielle Nichole Concerts & Tour Dates | The Kingdom Circuit,"Find upcoming Arielle Nichole Christian hip-hop concerts, tour dates, festivals, and verified official show links.",https://kingdomcircuit.com/artists/arielle-nichole/,"index,follow",Arielle Nichole,85,16,False,True,
https://kingdomcircuit.com/artists/asap-preach/,artist,200,https://kingdomcircuit.com/artists/asap-preach/?full-audit=1,ASAP Preach Concerts & Tour Dates | The Kingdom Circuit,"Find upcoming ASAP Preach Christian hip-hop concerts, tour dates, festivals, and verified official show links.",https://kingdomcircuit.com/artists/asap-preach/,"index,follow",ASAP Preach,165,34,False,True,
https://kingdomcircuit.com/artists/b-cody-shields/,artist,200,https://kingdomcircuit.com/artists/b-cody-shields/?full-audit=1,B. Cody Shields Concerts & Tour Dates | The Kingdom Circuit,"Find upcoming B. Cody Shields Christian hip-hop concerts, tour dates, festivals, and verified official show links.",https://kingdomcircuit.com/artists/b-cody-shields/,"index,follow",B. Cody Shields,169,34,False,True,
https://kingdomcircuit.com/artists/b-cooper/,artist,200,https://kingdomcircuit.com/artists/b-cooper/?full-audit=1,B. Cooper Concerts & Tour Dates | The Kingdom Circuit,"Find upcoming B. Cooper Christian hip-hop concerts, tour dates, festivals, and verified official show links.",https://kingdomcircuit.com/artists/b-cooper/,"index,follow",B. Cooper,85,16,False,True,
https://kingdomcircuit.com/artists/battz/,artist,200,https://kingdomcircuit.com/artists/battz/?full-audit=1,Battz Concerts & Tour Dates | The Kingdom Circuit,"Find upcoming Battz Christian hip-hop concerts, tour dates, festivals, and verified official show links.",https://kingdomcircuit.com/artists/battz/,"index,follow",Battz,81,16,False,True,
https://kingdomcircuit.com/artists/beacon-light/,artist,200,https://kingdomcircuit.com/artists/beacon-light/?full-audit=1,Beacon Light Concerts & Tour Dates | The Kingdom Circuit,"Find upcoming Beacon Light Christian hip-hop concerts, tour dates, festivals, and verified official show links.",https://kingdomcircuit.com/artists/beacon-light/,"index,follow",Beacon Light,85,16,False,True,
https://kingdomcircuit.com/artists/beautiful-eulogy/,artist,200,https://kingdomcircuit.com/artists/beautiful-eulogy/?full-audit=1,Beautiful Eulogy Concerts & Tour Dates | The Kingdom Circuit,"Find upcoming Beautiful Eulogy Christian hip-hop concerts, tour dates, festivals, and verified official show links.",https://kingdomcircuit.com/artists/beautiful-eulogy/,"index,follow",Beautiful Eulogy,85,16,False,True,
https://kingdomcircuit.com/artists/beleaf/,artist,200,https://kingdomcircuit.com/artists/beleaf/?full-audit=1,Beleaf Concerts & Tour Dates | The Kingdom Circuit,"Find upcoming Beleaf Christian hip-hop concerts, tour dates, festivals, and verified official show links.",https://kingdomcircuit.com/artists/beleaf/,"index,follow",Beleaf,81,16,False,True,
https://kingdomcircuit.com/artists/big-holy/,artist,200,https://kingdomcircuit.com/artists/big-holy/?full-audit=1,BIG HOLY Concerts & Tour Dates | The Kingdom Circuit,"Find upcoming BIG HOLY Christian hip-hop concerts, tour dates, festivals, and verified official show links.",https://kingdomcircuit.com/artists/big-holy/,"index,follow",BIG HOLY,125,26,False,True,
https://kingdomcircuit.com/artists/bigbreeze/,artist,200,https://kingdomcircuit.com/artists/bigbreeze/?full-audit=1,BigBreeze Concerts & Tour Dates | The Kingdom Circuit,"Find upcoming BigBreeze Christian hip-hop concerts, tour dates, festivals, and verified official show links.",https://kingdomcircuit.com/artists/bigbreeze/,"index,follow",BigBreeze,81,16,False,True,
https://kingdomcircuit.com/artists/bill-b/,artist,200,https://kingdomcircuit.com/artists/bill-b/?full-audit=1,Bill B. Concerts & Tour Dates | The Kingdom Circuit,"Find upcoming Bill B. Christian hip-hop concerts, tour dates, festivals, and verified official show links.",https://kingdomcircuit.com/artists/bill-b/,"index,follow",Bill B.,85,16,False,True,
https://kingdomcircuit.com/artists/bizzle/,artist,200,https://kingdomcircuit.com/artists/bizzle/?full-audit=1,Bizzle Concerts & Tour Dates | The Kingdom Circuit,"Find upcoming Bizzle Christian hip-hop concerts, tour dates, festivals, and verified official show links.",https://kingdomcircuit.com/artists/bizzle/,"index,follow",Bizzle,81,16,False,True,
https://kingdomcircuit.com/artists/braille/,artist,200,https://kingdomcircuit.com/artists/braille/?full-audit=1,Braille Concerts & Tour Dates | The Kingdom Circuit,"Find upcoming Braille Christian hip-hop concerts, tour dates, festivals, and verified official show links.",https://kingdomcircuit.com/artists/braille/,"index,follow",Braille,81,16,False,True,
https://kingdomcircuit.com/artists/brandon-trejo/,artist,200,https://kingdomcircuit.com/artists/brandon-trejo/?full-audit=1,Brandon Trejo Concerts & Tour Dates | The Kingdom Circuit,"Find upcoming Brandon Trejo Christian hip-hop concerts, tour dates, festivals, and verified official show links.",https://kingdomcircuit.com/artists/brandon-trejo/,"index,follow",Brandon Trejo,85,16,False,True,
https://kingdomcircuit.com/artists/breekay-and-kasairi/,artist,200,https://kingdomcircuit.com/artists/breekay-and-kasairi/?full-audit=1,BreeKay & Kasairi Concerts & Tour Dates | The Kingdom Circuit,"Find upcoming BreeKay & Kasairi Christian hip-hop concerts, tour dates, festivals, and verified official show links.",https://kingdomcircuit.com/artists/breekay-and-kasairi/,"index,follow",BreeKay & Kasairi,85,16,False,True,
https://kingdomcircuit.com/artists/bri-smilez/,artist,200,https://kingdomcircuit.com/artists/bri-smilez/?full-audit=1,Bri Smilez Concerts & Tour Dates | The Kingdom Circuit,"Find upcoming Bri Smilez Christian hip-hop concerts, tour dates, festivals, and verified official show links.",https://kingdomcircuit.com/artists/bri-smilez/,"index,follow",Bri Smilez,85,16,False,True,
https://kingdomcircuit.com/artists/brinson/,artist,200,https://kingdomcircuit.com/artists/brinson/?full-audit=1,Brinson Concerts & Tour Dates | The Kingdom Circuit,"Find upcoming Brinson Christian hip-hop concerts, tour dates, festivals, and verified official show links.",https://kingdomcircuit.com/artists/brinson/,"index,follow",Brinson,81,16,False,True,
https://kingdomcircuit.com/artists/brother-bo/,artist,200,https://kingdomcircuit.com/artists/brother-bo/?full-audit=1,Brother Bo Concerts & Tour Dates | The Kingdom Circuit,"Find upcoming Brother Bo Christian hip-hop concerts, tour dates, festivals, and verified official show links.",https://kingdomcircuit.com/artists/brother-bo/,"index,follow",Brother Bo,125,26,False,True,
https://kingdomcircuit.com/artists/brvndonp/,artist,200,https://kingdomcircuit.com/artists/brvndonp/?full-audit=1,BrvndonP Concerts & Tour Dates | The Kingdom Circuit,"Find upcoming BrvndonP Christian hip-hop concerts, tour dates, festivals, and verified official show links.",https://kingdomcircuit.com/artists/brvndonp/,"index,follow",BrvndonP,81,16,False,True,
https://kingdomcircuit.com/artists/bryann-t/,artist,200,https://kingdomcircuit.com/artists/bryann-t/?full-audit=1,Bryann T Concerts & Tour Dates | The Kingdom Circuit,"Find upcoming Bryann T Christian hip-hop concerts, tour dates, festivals, and verified official show links.",https://kingdomcircuit.com/artists/bryann-t/,"index,follow",Bryann T,85,16,False,True,
https://kingdomcircuit.com/artists/bumps-inf/,artist,200,https://kingdomcircuit.com/artists/bumps-inf/?full-audit=1,Bumps INF Concerts & Tour Dates | The Kingdom Circuit,"Find upcoming Bumps INF Christian hip-hop concerts, tour dates, festivals, and verified official show links.",https://kingdomcircuit.com/artists/bumps-inf/,"index,follow",Bumps INF,85,16,False,True,
https://kingdomcircuit.com/artists/butta-p/,artist,200,https://kingdomcircuit.com/artists/butta-p/?full-audit=1,Butta P Concerts & Tour Dates | The Kingdom Circuit,"Find upcoming Butta P Christian hip-hop concerts, tour dates, festivals, and verified official show links.",https://kingdomcircuit.com/artists/butta-p/,"index,follow",Butta P,85,16,False,True,
https://kingdomcircuit.com/artists/byron-juane/,artist,200,https://kingdomcircuit.com/artists/byron-juane/?full-audit=1,Byron Juane Concerts & Tour Dates | The Kingdom Circuit,"Find upcoming Byron Juane Christian hip-hop concerts, tour dates, festivals, and verified official show links.",https://kingdomcircuit.com/artists/byron-juane/,"index,follow",Byron Juane,85,16,False,True,
https://kingdomcircuit.com/artists/c4-crotona/,artist,200,https://kingdomcircuit.com/artists/c4-crotona/?full-audit=1,C4 Crotona Concerts & Tour Dates | The Kingdom Circuit,"Find upcoming C4 Crotona Christian hip-hop concerts, tour dates, festivals, and verified official show links.",https://kingdomcircuit.com/artists/c4-crotona/,"index,follow",C4 Crotona,85,16,False,True,
https://kingdomcircuit.com/artists/caleb-gordon/,artist,200,https://kingdomcircuit.com/artists/caleb-gordon/?full-audit=1,Caleb Gordon Concerts & Tour Dates | The Kingdom Circuit,"Find upcoming Caleb Gordon Christian hip-hop concerts, tour dates, festivals, and verified official show links.",https://kingdomcircuit.com/artists/caleb-gordon/,"index,follow",Caleb Gordon,398,46,False,True,
https://kingdomcircuit.com/artists/canon/,artist,200,https://kingdomcircuit.com/artists/canon/?full-audit=1,Canon Concerts & Tour Dates | The Kingdom Circuit,"Find upcoming Canon Christian hip-hop concerts, tour dates, festivals, and verified official show links.",https://kingdomcircuit.com/artists/canon/,"index,follow",Canon,81,16,False,True,
https://kingdomcircuit.com/artists/canton-jones/,artist,200,https://kingdomcircuit.com/artists/canton-jones/?full-audit=1,Canton Jones Concerts & Tour Dates | The Kingdom Circuit,"Find upcoming Canton Jones Christian hip-hop concerts, tour dates, festivals, and verified official show links.",https://kingdomcircuit.com/artists/canton-jones/,"index,follow",Canton Jones,85,16,False,True,
https://kingdomcircuit.com/artists/carita-cole/,artist,200,https://kingdomcircuit.com/artists/carita-cole/?full-audit=1,Carita Cole Concerts & Tour Dates | The Kingdom Circuit,"Find upcoming Carita Cole Christian hip-hop concerts, tour dates, festivals, and verified official show links.",https://kingdomcircuit.com/artists/carita-cole/,"index,follow",Carita Cole,85,16,False,True,
https://kingdomcircuit.com/artists/cass/,artist,200,https://kingdomcircuit.com/artists/cass/?full-audit=1,Cass Concerts & Tour Dates | The Kingdom Circuit,"Find upcoming Cass Christian hip-hop concerts, tour dates, festivals, and verified official show links.",https://kingdomcircuit.com/artists/cass/,"index,follow",Cass,81,16,False,True,
https://kingdomcircuit.com/artists/chad-jones/,artist,200,https://kingdomcircuit.com/artists/chad-jones/?full-audit=1,Chad Jones Concerts & Tour Dates | The Kingdom Circuit,"Find upcoming Chad Jones Christian hip-hop concerts, tour dates, festivals, and verified official show links.",https://kingdomcircuit.com/artists/chad-jones/,"index,follow",Chad Jones,85,16,False,True,
https://kingdomcircuit.com/artists/childlike-cici/,artist,200,https://kingdomcircuit.com/artists/childlike-cici/?full-audit=1,Childlike CiCi Concerts & Tour Dates | The Kingdom Circuit,"Find upcoming Childlike CiCi Christian hip-hop concerts, tour dates, festivals, and verified official show links.",https://kingdomcircuit.com/artists/childlike-cici/,"index,follow",Childlike CiCi,85,16,False,True,
https://kingdomcircuit.com/artists/chozenn/,artist,200,https://kingdomcircuit.com/artists/chozenn/?full-audit=1,Chozenn Concerts & Tour Dates | The Kingdom Circuit,"Find upcoming Chozenn Christian hip-hop concerts, tour dates, festivals, and verified official show links.",https://kingdomcircuit.com/artists/chozenn/,"index,follow",Chozenn,81,16,False,True,
https://kingdomcircuit.com/artists/chris-caro/,artist,200,https://kingdomcircuit.com/artists/chris-caro/?full-audit=1,Chris Caro Concerts & Tour Dates | The Kingdom Circuit,"Find upcoming Chris Caro Christian hip-hop concerts, tour dates, festivals, and verified official show links.",https://kingdomcircuit.com/artists/chris-caro/,"index,follow",Chris Caro,85,16,False,True,
https://kingdomcircuit.com/artists/christon-gray/,artist,200,https://kingdomcircuit.com/artists/christon-gray/?full-audit=1,Christon Gray Concerts & Tour Dates | The Kingdom Circuit,"Find upcoming Christon Gray Christian hip-hop concerts, tour dates, festivals, and verified official show links.",https://kingdomcircuit.com/artists/christon-gray/,"index,follow",Christon Gray,85,16,False,True,
https://kingdomcircuit.com/artists/cj-emulous/,artist,200,https://kingdomcircuit.com/artists/cj-emulous/?full-audit=1,CJ Emulous Concerts & Tour Dates | The Kingdom Circuit,"Find upcoming CJ Emulous Christian hip-hop concerts, tour dates, festivals, and verified official show links.",https://kingdomcircuit.com/artists/cj-emulous/,"index,follow",CJ Emulous,86,16,False,True,
https://kingdomcircuit.com/artists/coby-james/,artist,200,https://kingdomcircuit.com/artists/coby-james/?full-audit=1,Coby James Concerts & Tour Dates | The Kingdom Circuit,"Find upcoming Coby James Christian hip-hop concerts, tour dates, festivals, and verified official show links.",https://kingdomcircuit.com/artists/coby-james/,"index,follow",Coby James,85,16,False,True,
https://kingdomcircuit.com/artists/coop/,artist,200,https://kingdomcircuit.com/artists/coop/?full-audit=1,Coop Concerts & Tour Dates | The Kingdom Circuit,"Find upcoming Coop Christian hip-hop concerts, tour dates, festivals, and verified official show links.",https://kingdomcircuit.com/artists/coop/,"index,follow",Coop,81,16,False,True,
https://kingdomcircuit.com/artists/corey-paul/,artist,200,https://kingdomcircuit.com/artists/corey-paul/?full-audit=1,Corey Paul Concerts & Tour Dates | The Kingdom Circuit,"Find upcoming Corey Paul Christian hip-hop concerts, tour dates, festivals, and verified official show links.",https://kingdomcircuit.com/artists/corey-paul/,"index,follow",Corey Paul,85,16,False,True,
https://kingdomcircuit.com/artists/d-maub/,artist,200,https://kingdomcircuit.com/artists/d-maub/?full-audit=1,D-Maub Concerts & Tour Dates | The Kingdom Circuit,"Find upcoming D-Maub Christian hip-hop concerts, tour dates, festivals, and verified official show links.",https://kingdomcircuit.com/artists/d-maub/,"index,follow",D-Maub,81,16,False,True,
https://kingdomcircuit.com/artists/da-t-r-u-t-h/,artist,200,https://kingdomcircuit.com/artists/da-t-r-u-t-h/?full-audit=1,Da' T.R.U.T.H. Concerts & Tour Dates | The Kingdom Circuit,"Find upcoming Da' T.R.U.T.H. Christian hip-hop concerts, tour dates, festivals, and verified official show links.",https://kingdomcircuit.com/artists/da-t-r-u-t-h/,"index,follow",Da' T.R.U.T.H.,101,16,False,True,
https://kingdomcircuit.com/artists/daeshawn-forrest/,artist,200,https://kingdomcircuit.com/artists/daeshawn-forrest/?full-audit=1,DaeShawn Forrest Concerts & Tour Dates | The Kingdom Circuit,"Find upcoming DaeShawn Forrest Christian hip-hop concerts, tour dates, festivals, and verified official show links.",https://kingdomcircuit.com/artists/daeshawn-forrest/,"index,follow",DaeShawn Forrest,85,16,False,True,
https://kingdomcircuit.com/artists/dante-pride/,artist,200,https://kingdomcircuit.com/artists/dante-pride/?full-audit=1,Dante' Pride Concerts & Tour Dates | The Kingdom Circuit,"Find upcoming Dante' Pride Christian hip-hop concerts, tour dates, festivals, and verified official show links.",https://kingdomcircuit.com/artists/dante-pride/,"index,follow",Dante' Pride,85,16,False,True,
https://kingdomcircuit.com/artists/datin/,artist,200,https://kingdomcircuit.com/artists/datin/?full-audit=1,Datin Concerts & Tour Dates | The Kingdom Circuit,"Find upcoming Datin Christian hip-hop concerts, tour dates, festivals, and verified official show links.",https://kingdomcircuit.com/artists/datin/,"index,follow",Datin,81,16,False,True,
https://kingdomcircuit.com/artists/dc3/,artist,200,https://kingdomcircuit.com/artists/dc3/?full-audit=1,DC3 Concerts & Tour Dates | The Kingdom Circuit,"Find upcoming DC3 Christian hip-hop concerts, tour dates, festivals, and verified official show links.",https://kingdomcircuit.com/artists/dc3/,"index,follow",DC3,81,16,False,True,
https://kingdomcircuit.com/artists/de-aris/,artist,200,https://kingdomcircuit.com/artists/de-aris/?full-audit=1,De'Aris Concerts & Tour Dates | The Kingdom Circuit,"Find upcoming De'Aris Christian hip-hop concerts, tour dates, festivals, and verified official show links.",https://kingdomcircuit.com/artists/de-aris/,"index,follow",De'Aris,81,16,False,True,
https://kingdomcircuit.com/artists/de-la-cruz/,artist,200,https://kingdomcircuit.com/artists/de-la-cruz/?full-audit=1,De La Cruz Concerts & Tour Dates | The Kingdom Circuit,"Find upcoming De La Cruz Christian hip-hop concerts, tour dates, festivals, and verified official show links.",https://kingdomcircuit.com/artists/de-la-cruz/,"index,follow",De La Cruz,89,16,False,True,
https://kingdomcircuit.com/artists/dee-1/,artist,200,https://kingdomcircuit.com/artists/dee-1/?full-audit=1,Dee-1 Concerts & Tour Dates | The Kingdom Circuit,"Find upcoming Dee-1 Christian hip-hop concerts, tour dates, festivals, and verified official show links.",https://kingdomcircuit.com/artists/dee-1/,"index,follow",Dee-1,81,16,False,True,
https://kingdomcircuit.com/artists/dell-mac/,artist,200,https://kingdomcircuit.com/artists/dell-mac/?full-audit=1,Dell Mac Concerts & Tour Dates | The Kingdom Circuit,"Find upcoming Dell Mac Christian hip-hop concerts, tour dates, festivals, and verified official show links.",https://kingdomcircuit.com/artists/dell-mac/,"index,follow",Dell Mac,85,16,False,True,
https://kingdomcircuit.com/artists/deon/,artist,200,https://kingdomcircuit.com/artists/deon/?full-audit=1,DEON Concerts & Tour Dates | The Kingdom Circuit,"Find upcoming DEON Christian hip-hop concerts, tour dates, festivals, and verified official show links.",https://kingdomcircuit.com/artists/deon/,"index,follow",DEON,81,16,False,True,
https://kingdomcircuit.com/artists/deraj/,artist,200,https://kingdomcircuit.com/artists/deraj/?full-audit=1,Deraj Concerts & Tour Dates | The Kingdom Circuit,"Find upcoming Deraj Christian hip-hop concerts, tour dates, festivals, and verified official show links.",https://kingdomcircuit.com/artists/deraj/,"index,follow",Deraj,81,16,False,True,
https://kingdomcircuit.com/artists/derek-minor/,artist,200,https://kingdomcircuit.com/artists/derek-minor/?full-audit=1,Derek Minor Concerts & Tour Dates | The Kingdom Circuit,"Find upcoming Derek Minor Christian hip-hop concerts, tour dates, festivals, and verified official show links.",https://kingdomcircuit.com/artists/derek-minor/,"index,follow",Derek Minor,85,16,False,True,
https://kingdomcircuit.com/artists/dice-gamble/,artist,200,https://kingdomcircuit.com/artists/dice-gamble/?full-audit=1,Dice Gamble Concerts & Tour Dates | The Kingdom Circuit,"Find upcoming Dice Gamble Christian hip-hop concerts, tour dates, festivals, and verified official show links.",https://kingdomcircuit.com/artists/dice-gamble/,"index,follow",Dice Gamble,85,16,False,True,
https://kingdomcircuit.com/artists/dillon-chase/,artist,200,https://kingdomcircuit.com/artists/dillon-chase/?full-audit=1,Dillon Chase Concerts & Tour Dates | The Kingdom Circuit,"Find upcoming Dillon Chase Christian hip-hop concerts, tour dates, festivals, and verified official show links.",https://kingdomcircuit.com/artists/dillon-chase/,"index,follow",Dillon Chase,85,16,False,True,
https://kingdomcircuit.com/artists/dj-mykael-v/,artist,200,https://kingdomcircuit.com/artists/dj-mykael-v/?full-audit=1,DJ Mykael V Concerts & Tour Dates | The Kingdom Circuit,"Find upcoming DJ Mykael V Christian hip-hop concerts, tour dates, festivals, and verified official show links.",https://kingdomcircuit.com/artists/dj-mykael-v/,"index,follow",DJ Mykael V,89,16,False,True,
https://kingdomcircuit.com/artists/dj-winn/,artist,200,https://kingdomcircuit.com/artists/dj-winn/?full-audit=1,DJ Winn Concerts & Tour Dates | The Kingdom Circuit,"Find upcoming DJ Winn Christian hip-hop concerts, tour dates, festivals, and verified official show links.",https://kingdomcircuit.com/artists/dj-winn/,"index,follow",DJ Winn,125,26,False,True,
https://kingdomcircuit.com/artists/dkg-kie/,artist,200,https://kingdomcircuit.com/artists/dkg-kie/?full-audit=1,DKG Kie Concerts & Tour Dates | The Kingdom Circuit,"Find upcoming DKG Kie Christian hip-hop concerts, tour dates, festivals, and verified official show links.",https://kingdomcircuit.com/artists/dkg-kie/,"index,follow",DKG Kie,85,16,False,True,
https://kingdomcircuit.com/artists/don-ready/,artist,200,https://kingdomcircuit.com/artists/don-ready/?full-audit=1,Don Ready Concerts & Tour Dates | The Kingdom Circuit,"Find upcoming Don Ready Christian hip-hop concerts, tour dates, festivals, and verified official show links.",https://kingdomcircuit.com/artists/don-ready/,"index,follow",Don Ready,107,19,False,True,
https://kingdomcircuit.com/artists/dre-murray/,artist,200,https://kingdomcircuit.com/artists/dre-murray/?full-audit=1,Dre Murray Concerts & Tour Dates | The Kingdom Circuit,"Find upcoming Dre Murray Christian hip-hop concerts, tour dates, festivals, and verified official show links.",https://kingdomcircuit.com/artists/dre-murray/,"index,follow",Dre Murray,85,16,False,True,
https://kingdomcircuit.com/artists/drea-lp/,artist,200,https://kingdomcircuit.com/artists/drea-lp/?full-audit=1,Drea LP Concerts & Tour Dates | The Kingdom Circuit,"Find upcoming Drea LP Christian hip-hop concerts, tour dates, festivals, and verified official show links.",https://kingdomcircuit.com/artists/drea-lp/,"index,follow",Drea LP,85,16,False,True,
https://kingdomcircuit.com/artists/dream-junkies/,artist,200,https://kingdomcircuit.com/artists/dream-junkies/?full-audit=1,Dream Junkies Concerts & Tour Dates | The Kingdom Circuit,"Find upcoming Dream Junkies Christian hip-hop concerts, tour dates, festivals, and verified official show links.",https://kingdomcircuit.com/artists/dream-junkies/,"index,follow",Dream Junkies,85,16,False,True,
https://kingdomcircuit.com/artists/dru-bex/,artist,200,https://kingdomcircuit.com/artists/dru-bex/?full-audit=1,Dru Bex Concerts & Tour Dates | The Kingdom Circuit,"Find upcoming Dru Bex Christian hip-hop concerts, tour dates, festivals, and verified official show links.",https://kingdomcircuit.com/artists/dru-bex/,"index,follow",Dru Bex,85,16,False,True,
https://kingdomcircuit.com/artists/dwayne-tryumf/,artist,200,https://kingdomcircuit.com/artists/dwayne-tryumf/?full-audit=1,Dwayne Tryumf Concerts & Tour Dates | The Kingdom Circuit,"Find upcoming Dwayne Tryumf Christian hip-hop concerts, tour dates, festivals, and verified official show links.",https://kingdomcircuit.com/artists/dwayne-tryumf/,"index,follow",Dwayne Tryumf,85,16,False,True,
https://kingdomcircuit.com/artists/egr/,artist,200,https://kingdomcircuit.com/artists/egr/?full-audit=1,EGR Concerts & Tour Dates | The Kingdom Circuit,"Find upcoming EGR Christian hip-hop concerts, tour dates, festivals, and verified official show links.",https://kingdomcircuit.com/artists/egr/,"index,follow",EGR,495,67,False,True,
https://kingdomcircuit.com/artists/ej-swavv/,artist,200,https://kingdomcircuit.com/artists/ej-swavv/?full-audit=1,EJ Swavv Concerts & Tour Dates | The Kingdom Circuit,"Find upcoming EJ Swavv Christian hip-hop concerts, tour dates, festivals, and verified official show links.",https://kingdomcircuit.com/artists/ej-swavv/,"index,follow",EJ Swavv,85,16,False,True,
https://kingdomcircuit.com/artists/eluzai/,artist,200,https://kingdomcircuit.com/artists/eluzai/?full-audit=1,Eluzai Concerts & Tour Dates | The Kingdom Circuit,"Find upcoming Eluzai Christian hip-hop concerts, tour dates, festivals, and verified official show links.",https://kingdomcircuit.com/artists/eluzai/,"index,follow",Eluzai,81,16,False,True,
https://kingdomcircuit.com/artists/emanueldaprophet/,artist,200,https://kingdomcircuit.com/artists/emanueldaprophet/?full-audit=1,EmanuelDaProphet Concerts & Tour Dates | The Kingdom Circuit,"Find upcoming EmanuelDaProphet Christian hip-hop concerts, tour dates, festivals, and verified official show links.",https://kingdomcircuit.com/artists/emanueldaprophet/,"index,follow",EmanuelDaProphet,81,16,False,True,
https://kingdomcircuit.com/artists/erica-mason/,artist,200,https://kingdomcircuit.com/artists/erica-mason/?full-audit=1,Erica Mason Concerts & Tour Dates | The Kingdom Circuit,"Find upcoming Erica Mason Christian hip-hop concerts, tour dates, festivals, and verified official show links.",https://kingdomcircuit.com/artists/erica-mason/,"index,follow",Erica Mason,85,16,False,True,
https://kingdomcircuit.com/artists/eshon-burgundy/,artist,200,https://kingdomcircuit.com/artists/eshon-burgundy/?full-audit=1,Eshon Burgundy Concerts & Tour Dates | The Kingdom Circuit,"Find upcoming Eshon Burgundy Christian hip-hop concerts, tour dates, festivals, and verified official show links.",https://kingdomcircuit.com/artists/eshon-burgundy/,"index,follow",Eshon Burgundy,85,16,False,True,
https://kingdomcircuit.com/artists/evangel/,artist,200,https://kingdomcircuit.com/artists/evangel/?full-audit=1,Evangel Concerts & Tour Dates | The Kingdom Circuit,"Find upcoming Evangel Christian hip-hop concerts, tour dates, festivals, and verified official show links.",https://kingdomcircuit.com/artists/evangel/,"index,follow",Evangel,81,16,False,True,
https://kingdomcircuit.com/artists/faith-child/,artist,200,https://kingdomcircuit.com/artists/faith-child/?full-audit=1,Faith Child Concerts & Tour Dates | The Kingdom Circuit,"Find upcoming Faith Child Christian hip-hop concerts, tour dates, festivals, and verified official show links.",https://kingdomcircuit.com/artists/faith-child/,"index,follow",Faith Child,85,16,False,True,
https://kingdomcircuit.com/artists/fedel/,artist,200,https://kingdomcircuit.com/artists/fedel/?full-audit=1,Fedel Concerts & Tour Dates | The Kingdom Circuit,"Find upcoming Fedel Christian hip-hop concerts, tour dates, festivals, and verified official show links.",https://kingdomcircuit.com/artists/fedel/,"index,follow",Fedel,81,16,False,True,
https://kingdomcircuit.com/artists/feed-em/,artist,200,https://kingdomcircuit.com/artists/feed-em/?full-audit=1,Feed'Em Concerts & Tour Dates | The Kingdom Circuit,"Find upcoming Feed'Em Christian hip-hop concerts, tour dates, festivals, and verified official show links.",https://kingdomcircuit.com/artists/feed-em/,"index,follow",Feed'Em,81,16,False,True,
https://kingdomcircuit.com/artists/fern/,artist,200,https://kingdomcircuit.com/artists/fern/?full-audit=1,Fern Concerts & Tour Dates | The Kingdom Circuit,"Find upcoming Fern Christian hip-hop concerts, tour dates, festivals, and verified official show links.",https://kingdomcircuit.com/artists/fern/,"index,follow",Fern,81,16,False,True,
https://kingdomcircuit.com/artists/flame/,artist,200,https://kingdomcircuit.com/artists/flame/?full-audit=1,FLAME Concerts & Tour Dates | The Kingdom Circuit,"Find upcoming FLAME Christian hip-hop concerts, tour dates, festivals, and verified official show links.",https://kingdomcircuit.com/artists/flame/,"index,follow",FLAME,81,16,False,True,
https://kingdomcircuit.com/artists/forrest-frank/,artist,200,https://kingdomcircuit.com/artists/forrest-frank/?full-audit=1,Forrest Frank Concerts & Tour Dates | The Kingdom Circuit,"Find upcoming Forrest Frank Christian hip-hop concerts, tour dates, festivals, and verified official show links.",https://kingdomcircuit.com/artists/forrest-frank/,"index,follow",Forrest Frank,85,16,False,True,
https://kingdomcircuit.com/artists/foure/,artist,200,https://kingdomcircuit.com/artists/foure/?full-audit=1,Foure Concerts & Tour Dates | The Kingdom Circuit,"Find upcoming Foure Christian hip-hop concerts, tour dates, festivals, and verified official show links.",https://kingdomcircuit.com/artists/foure/,"index,follow",Foure,81,16,False,True,
https://kingdomcircuit.com/artists/fresh-ie/,artist,200,https://kingdomcircuit.com/artists/fresh-ie/?full-audit=1,Fresh IE Concerts & Tour Dates | The Kingdom Circuit,"Find upcoming Fresh IE Christian hip-hop concerts, tour dates, festivals, and verified official show links.",https://kingdomcircuit.com/artists/fresh-ie/,"index,follow",Fresh IE,85,16,False,True,
https://kingdomcircuit.com/artists/funky/,artist,200,https://kingdomcircuit.com/artists/funky/?full-audit=1,Funky Concerts & Tour Dates | The Kingdom Circuit,"Find upcoming Funky Christian hip-hop concerts, tour dates, festivals, and verified official show links.",https://kingdomcircuit.com/artists/funky/,"index,follow",Funky,82,16,False,True,
https://kingdomcircuit.com/artists/futuristic/,artist,200,https://kingdomcircuit.com/artists/futuristic/?full-audit=1,Futuristic Concerts & Tour Dates | The Kingdom Circuit,"Find upcoming Futuristic Christian hip-hop concerts, tour dates, festivals, and verified official show links.",https://kingdomcircuit.com/artists/futuristic/,"index,follow",Futuristic,81,16,False,True,
https://kingdomcircuit.com/artists/g3rm-43/,artist,200,https://kingdomcircuit.com/artists/g3rm-43/?full-audit=1,G3rm 43 Concerts & Tour Dates | The Kingdom Circuit,"Find upcoming G3rm 43 Christian hip-hop concerts, tour dates, festivals, and verified official show links.",https://kingdomcircuit.com/artists/g3rm-43/,"index,follow",G3rm 43,85,16,False,True,
https://kingdomcircuit.com/artists/gabriel-emc/,artist,200,https://kingdomcircuit.com/artists/gabriel-emc/?full-audit=1,Gabriel EMC Concerts & Tour Dates | The Kingdom Circuit,"Find upcoming Gabriel EMC Christian hip-hop concerts, tour dates, festivals, and verified official show links.",https://kingdomcircuit.com/artists/gabriel-emc/,"index,follow",Gabriel EMC,85,16,False,True,
https://kingdomcircuit.com/artists/gavin-the-hotrod/,artist,200,https://kingdomcircuit.com/artists/gavin-the-hotrod/?full-audit=1,Gavin the HotRod Concerts & Tour Dates | The Kingdom Circuit,"Find upcoming Gavin the HotRod Christian hip-hop concerts, tour dates, festivals, and verified official show links.",https://kingdomcircuit.com/artists/gavin-the-hotrod/,"index,follow",Gavin the HotRod,89,16,False,True,
https://kingdomcircuit.com/artists/gawvi/,artist,200,https://kingdomcircuit.com/artists/gawvi/?full-audit=1,GAWVI Concerts & Tour Dates | The Kingdom Circuit,"Find upcoming GAWVI Christian hip-hop concerts, tour dates, festivals, and verified official show links.",https://kingdomcircuit.com/artists/gawvi/,"index,follow",GAWVI,82,16,False,True,
https://kingdomcircuit.com/artists/gemstones/,artist,200,https://kingdomcircuit.com/artists/gemstones/?full-audit=1,Gemstones Concerts & Tour Dates | The Kingdom Circuit,"Find upcoming Gemstones Christian hip-hop concerts, tour dates, festivals, and verified official show links.",https://kingdomcircuit.com/artists/gemstones/,"index,follow",Gemstones,81,16,False,True,
https://kingdomcircuit.com/artists/george-rose/,artist,200,https://kingdomcircuit.com/artists/george-rose/?full-audit=1,George.Rose Concerts & Tour Dates | The Kingdom Circuit,"Find upcoming George.Rose Christian hip-hop concerts, tour dates, festivals, and verified official show links.",https://kingdomcircuit.com/artists/george-rose/,"index,follow",George.Rose,85,16,False,True,
https://kingdomcircuit.com/artists/gin-sk/,artist,200,https://kingdomcircuit.com/artists/gin-sk/?full-audit=1,GiNŌSKŌ Concerts & Tour Dates | The Kingdom Circuit,"Find upcoming GiNŌSKŌ Christian hip-hop concerts, tour dates, festivals, and verified official show links.",https://kingdomcircuit.com/artists/gin-sk/,"index,follow",GiNŌSKŌ,81,16,False,True,
https://kingdomcircuit.com/artists/gio/,artist,200,https://kingdomcircuit.com/artists/gio/?full-audit=1,gio. Concerts & Tour Dates | The Kingdom Circuit,"Find upcoming gio. Christian hip-hop concerts, tour dates, festivals, and verified official show links.",https://kingdomcircuit.com/artists/gio/,"index,follow",gio.,81,16,False,True,
https://kingdomcircuit.com/artists/glenn-ray/,artist,200,https://kingdomcircuit.com/artists/glenn-ray/?full-audit=1,Glenn Ray Concerts & Tour Dates | The Kingdom Circuit,"Find upcoming Glenn Ray Christian hip-hop concerts, tour dates, festivals, and verified official show links.",https://kingdomcircuit.com/artists/glenn-ray/,"index,follow",Glenn Ray,85,16,False,True,
https://kingdomcircuit.com/artists/god-s-servant/,artist,200,https://kingdomcircuit.com/artists/god-s-servant/?full-audit=1,God's Servant Concerts & Tour Dates | The Kingdom Circuit,"Find upcoming God's Servant Christian hip-hop concerts, tour dates, festivals, and verified official show links.",https://kingdomcircuit.com/artists/god-s-servant/,"index,follow",God's Servant,85,16,False,True,
https://kingdomcircuit.com/artists/grits/,artist,200,https://kingdomcircuit.com/artists/grits/?full-audit=1,GRITS Concerts & Tour Dates | The Kingdom Circuit,"Find upcoming GRITS Christian hip-hop concerts, tour dates, festivals, and verified official show links.",https://kingdomcircuit.com/artists/grits/,"index,follow",GRITS,81,16,False,True,
https://kingdomcircuit.com/artists/guvna-b/,artist,200,https://kingdomcircuit.com/artists/guvna-b/?full-audit=1,Guvna B Concerts & Tour Dates | The Kingdom Circuit,"Find upcoming Guvna B Christian hip-hop concerts, tour dates, festivals, and verified official show links.",https://kingdomcircuit.com/artists/guvna-b/,"index,follow",Guvna B,85,16,False,True,
https://kingdomcircuit.com/artists/hazakim/,artist,200,https://kingdomcircuit.com/artists/hazakim/?full-audit=1,Hazakim Concerts & Tour Dates | The Kingdom Circuit,"Find upcoming Hazakim Christian hip-hop concerts, tour dates, festivals, and verified official show links.",https://kingdomcircuit.com/artists/hazakim/,"index,follow",Hazakim,81,16,False,True,
https://kingdomcircuit.com/artists/heesun-lee/,artist,200,https://kingdomcircuit.com/artists/heesun-lee/?full-audit=1,Heesun Lee Concerts & Tour Dates | The Kingdom Circuit,"Find upcoming Heesun Lee Christian hip-hop concerts, tour dates, festivals, and verified official show links.",https://kingdomcircuit.com/artists/heesun-lee/,"index,follow",Heesun Lee,85,16,False,True,
https://kingdomcircuit.com/artists/hollyn/,artist,200,https://kingdomcircuit.com/artists/hollyn/?full-audit=1,Hollyn Concerts & Tour Dates | The Kingdom Circuit,"Find upcoming Hollyn Christian hip-hop concerts, tour dates, festivals, and verified official show links.",https://kingdomcircuit.com/artists/hollyn/,"index,follow",Hollyn,81,16,False,True,
https://kingdomcircuit.com/artists/hulvey/,artist,200,https://kingdomcircuit.com/artists/hulvey/?full-audit=1,Hulvey Concerts & Tour Dates | The Kingdom Circuit,"Find upcoming Hulvey Christian hip-hop concerts, tour dates, festivals, and verified official show links.",https://kingdomcircuit.com/artists/hulvey/,"index,follow",Hulvey,921,146,False,True,
https://kingdomcircuit.com/artists/i-a-n/,artist,200,https://kingdomcircuit.com/artists/i-a-n/?full-audit=1,I.A.N. Concerts & Tour Dates | The Kingdom Circuit,"Find upcoming I.A.N. Christian hip-hop concerts, tour dates, festivals, and verified official show links.",https://kingdomcircuit.com/artists/i-a-n/,"index,follow",I.A.N.,89,16,False,True,
https://kingdomcircuit.com/artists/idego/,artist,200,https://kingdomcircuit.com/artists/idego/?full-audit=1,IDEGO Concerts & Tour Dates | The Kingdom Circuit,"Find upcoming IDEGO Christian hip-hop concerts, tour dates, festivals, and verified official show links.",https://kingdomcircuit.com/artists/idego/,"index,follow",IDEGO,81,16,False,True,
https://kingdomcircuit.com/artists/imrsqd/,artist,200,https://kingdomcircuit.com/artists/imrsqd/?full-audit=1,IMRSQD Concerts & Tour Dates | The Kingdom Circuit,"Find upcoming IMRSQD Christian hip-hop concerts, tour dates, festivals, and verified official show links.",https://kingdomcircuit.com/artists/imrsqd/,"index,follow",IMRSQD,82,16,False,True,
https://kingdomcircuit.com/artists/indie-tribe/,artist,200,https://kingdomcircuit.com/artists/indie-tribe/?full-audit=1,indie tribe. Concerts & Tour Dates | The Kingdom Circuit,"Find upcoming indie tribe. Christian hip-hop concerts, tour dates, festivals, and verified official show links.",https://kingdomcircuit.com/artists/indie-tribe/,"index,follow",indie tribe.,593,101,False,True,
https://kingdomcircuit.com/artists/indiomar/,artist,200,https://kingdomcircuit.com/artists/indiomar/?full-audit=1,Indiomar Concerts & Tour Dates | The Kingdom Circuit,"Find upcoming Indiomar Christian hip-hop concerts, tour dates, festivals, and verified official show links.",https://kingdomcircuit.com/artists/indiomar/,"index,follow",Indiomar,81,16,False,True,
https://kingdomcircuit.com/artists/isaiah-robin/,artist,200,https://kingdomcircuit.com/artists/isaiah-robin/?full-audit=1,Isaiah Robin Concerts & Tour Dates | The Kingdom Circuit,"Find upcoming Isaiah Robin Christian hip-hop concerts, tour dates, festivals, and verified official show links.",https://kingdomcircuit.com/artists/isaiah-robin/,"index,follow",Isaiah Robin,85,16,False,True,
https://kingdomcircuit.com/artists/isreal-perez/,artist,200,https://kingdomcircuit.com/artists/isreal-perez/?full-audit=1,Isreal Perez Concerts & Tour Dates | The Kingdom Circuit,"Find upcoming Isreal Perez Christian hip-hop concerts, tour dates, festivals, and verified official show links.",https://kingdomcircuit.com/artists/isreal-perez/,"index,follow",Isreal Perez,85,16,False,True,
https://kingdomcircuit.com/artists/j-crum/,artist,200,https://kingdomcircuit.com/artists/j-crum/?full-audit=1,J. Crum Concerts & Tour Dates | The Kingdom Circuit,"Find upcoming J. Crum Christian hip-hop concerts, tour dates, festivals, and verified official show links.",https://kingdomcircuit.com/artists/j-crum/,"index,follow",J. Crum,85,16,False,True,
https://kingdomcircuit.com/artists/j-han/,artist,200,https://kingdomcircuit.com/artists/j-han/?full-audit=1,J. Han Concerts & Tour Dates | The Kingdom Circuit,"Find upcoming J. Han Christian hip-hop concerts, tour dates, festivals, and verified official show links.",https://kingdomcircuit.com/artists/j-han/,"index,follow",J. Han,85,16,False,True,
https://kingdomcircuit.com/artists/j-j-l/,artist,200,https://kingdomcircuit.com/artists/j-j-l/?full-audit=1,J J L Concerts & Tour Dates | The Kingdom Circuit,"Find upcoming J J L Christian hip-hop concerts, tour dates, festivals, and verified official show links.",https://kingdomcircuit.com/artists/j-j-l/,"index,follow",J J L,89,16,False,True,
https://kingdomcircuit.com/artists/j-list/,artist,200,https://kingdomcircuit.com/artists/j-list/?full-audit=1,J.List Concerts & Tour Dates | The Kingdom Circuit,"Find upcoming J.List Christian hip-hop concerts, tour dates, festivals, and verified official show links.",https://kingdomcircuit.com/artists/j-list/,"index,follow",J.List,85,16,False,True,
https://kingdomcircuit.com/artists/j-monty/,artist,200,https://kingdomcircuit.com/artists/j-monty/?full-audit=1,J. Monty Concerts & Tour Dates | The Kingdom Circuit,"Find upcoming J. Monty Christian hip-hop concerts, tour dates, festivals, and verified official show links.",https://kingdomcircuit.com/artists/j-monty/,"index,follow",J. Monty,85,16,False,True,
https://kingdomcircuit.com/artists/j-r/,artist,200,https://kingdomcircuit.com/artists/j-r/?full-audit=1,J.R. Concerts & Tour Dates | The Kingdom Circuit,"Find upcoming J.R. Christian hip-hop concerts, tour dates, festivals, and verified official show links.",https://kingdomcircuit.com/artists/j-r/,"index,follow",J.R.,85,16,False,True,
https://kingdomcircuit.com/artists/j-solo/,artist,200,https://kingdomcircuit.com/artists/j-solo/?full-audit=1,J.Solo Concerts & Tour Dates | The Kingdom Circuit,"Find upcoming J.Solo Christian hip-hop concerts, tour dates, festivals, and verified official show links.",https://kingdomcircuit.com/artists/j-solo/,"index,follow",J.Solo,85,16,False,True,
https://kingdomcircuit.com/artists/j-vessel/,artist,200,https://kingdomcircuit.com/artists/j-vessel/?full-audit=1,J Vessel Concerts & Tour Dates | The Kingdom Circuit,"Find upcoming J Vessel Christian hip-hop concerts, tour dates, festivals, and verified official show links.",https://kingdomcircuit.com/artists/j-vessel/,"index,follow",J Vessel,85,16,False,True,
https://kingdomcircuit.com/artists/jackie-hill-perry/,artist,200,https://kingdomcircuit.com/artists/jackie-hill-perry/?full-audit=1,Jackie Hill Perry Concerts & Tour Dates | The Kingdom Circuit,"Find upcoming Jackie Hill Perry Christian hip-hop concerts, tour dates, festivals, and verified official show links.",https://kingdomcircuit.com/artists/jackie-hill-perry/,"index,follow",Jackie Hill Perry,89,16,False,True,
https://kingdomcircuit.com/artists/jackie-legere/,artist,200,https://kingdomcircuit.com/artists/jackie-legere/?full-audit=1,Jackie Legere Concerts & Tour Dates | The Kingdom Circuit,"Find upcoming Jackie Legere Christian hip-hop concerts, tour dates, festivals, and verified official show links.",https://kingdomcircuit.com/artists/jackie-legere/,"index,follow",Jackie Legere,85,16,False,True,
https://kingdomcircuit.com/artists/jacob-beard/,artist,200,https://kingdomcircuit.com/artists/jacob-beard/?full-audit=1,Jacob Beard Concerts & Tour Dates | The Kingdom Circuit,"Find upcoming Jacob Beard Christian hip-hop concerts, tour dates, festivals, and verified official show links.",https://kingdomcircuit.com/artists/jacob-beard/,"index,follow",Jacob Beard,85,16,False,True,
https://kingdomcircuit.com/artists/jamil/,artist,200,https://kingdomcircuit.com/artists/jamil/?full-audit=1,Jamil Concerts & Tour Dates | The Kingdom Circuit,"Find upcoming Jamil Christian hip-hop concerts, tour dates, festivals, and verified official show links.",https://kingdomcircuit.com/artists/jamil/,"index,follow",Jamil,81,16,False,True,
https://kingdomcircuit.com/artists/jay-kalyl/,artist,200,https://kingdomcircuit.com/artists/jay-kalyl/?full-audit=1,Jay Kalyl Concerts & Tour Dates | The Kingdom Circuit,"Find upcoming Jay Kalyl Christian hip-hop concerts, tour dates, festivals, and verified official show links.",https://kingdomcircuit.com/artists/jay-kalyl/,"index,follow",Jay Kalyl,85,16,False,True,
https://kingdomcircuit.com/artists/jay-way/,artist,200,https://kingdomcircuit.com/artists/jay-way/?full-audit=1,Jay-Way Concerts & Tour Dates | The Kingdom Circuit,"Find upcoming Jay-Way Christian hip-hop concerts, tour dates, festivals, and verified official show links.",https://kingdomcircuit.com/artists/jay-way/,"index,follow",Jay-Way,81,16,False,True,
https://kingdomcircuit.com/artists/jeannie-ortega/,artist,200,https://kingdomcircuit.com/artists/jeannie-ortega/?full-audit=1,Jeannie Ortega Concerts & Tour Dates | The Kingdom Circuit,"Find upcoming Jeannie Ortega Christian hip-hop concerts, tour dates, festivals, and verified official show links.",https://kingdomcircuit.com/artists/jeannie-ortega/,"index,follow",Jeannie Ortega,85,16,False,True,
https://kingdomcircuit.com/artists/jekasole/,artist,200,https://kingdomcircuit.com/artists/jekasole/?full-audit=1,Jekasole Concerts & Tour Dates | The Kingdom Circuit,"Find upcoming Jekasole Christian hip-hop concerts, tour dates, festivals, and verified official show links.",https://kingdomcircuit.com/artists/jekasole/,"index,follow",Jekasole,81,16,False,True,
https://kingdomcircuit.com/artists/jered-sanders/,artist,200,https://kingdomcircuit.com/artists/jered-sanders/?full-audit=1,Jered Sanders Concerts & Tour Dates | The Kingdom Circuit,"Find upcoming Jered Sanders Christian hip-hop concerts, tour dates, festivals, and verified official show links.",https://kingdomcircuit.com/artists/jered-sanders/,"index,follow",Jered Sanders,85,16,False,True,
https://kingdomcircuit.com/artists/jet-trouble/,artist,200,https://kingdomcircuit.com/artists/jet-trouble/?full-audit=1,Jet Trouble Concerts & Tour Dates | The Kingdom Circuit,"Find upcoming Jet Trouble Christian hip-hop concerts, tour dates, festivals, and verified official show links.",https://kingdomcircuit.com/artists/jet-trouble/,"index,follow",Jet Trouble,85,16,False,True,
https://kingdomcircuit.com/artists/jgivens/,artist,200,https://kingdomcircuit.com/artists/jgivens/?full-audit=1,JGivens Concerts & Tour Dates | The Kingdom Circuit,"Find upcoming JGivens Christian hip-hop concerts, tour dates, festivals, and verified official show links.",https://kingdomcircuit.com/artists/jgivens/,"index,follow",JGivens,81,16,False,True,
https://kingdomcircuit.com/artists/john-givez/,artist,200,https://kingdomcircuit.com/artists/john-givez/?full-audit=1,John Givez Concerts & Tour Dates | The Kingdom Circuit,"Find upcoming John Givez Christian hip-hop concerts, tour dates, festivals, and verified official show links.",https://kingdomcircuit.com/artists/john-givez/,"index,follow",John Givez,85,16,False,True,
https://kingdomcircuit.com/artists/jon-keith/,artist,200,https://kingdomcircuit.com/artists/jon-keith/?full-audit=1,Jon Keith Concerts & Tour Dates | The Kingdom Circuit,"Find upcoming Jon Keith Christian hip-hop concerts, tour dates, festivals, and verified official show links.",https://kingdomcircuit.com/artists/jon-keith/,"index,follow",Jon Keith,85,16,False,True,
https://kingdomcircuit.com/artists/jonah-daniel/,artist,200,https://kingdomcircuit.com/artists/jonah-daniel/?full-audit=1,Jonah Daniel Concerts & Tour Dates | The Kingdom Circuit,"Find upcoming Jonah Daniel Christian hip-hop concerts, tour dates, festivals, and verified official show links.",https://kingdomcircuit.com/artists/jonah-daniel/,"index,follow",Jonah Daniel,85,16,False,True,
https://kingdomcircuit.com/artists/json/,artist,200,https://kingdomcircuit.com/artists/json/?full-audit=1,Json Concerts & Tour Dates | The Kingdom Circuit,"Find upcoming Json Christian hip-hop concerts, tour dates, festivals, and verified official show links.",https://kingdomcircuit.com/artists/json/,"index,follow",Json,81,16,False,True,
https://kingdomcircuit.com/artists/jude-barclay/,artist,200,https://kingdomcircuit.com/artists/jude-barclay/?full-audit=1,Jude Barclay Concerts & Tour Dates | The Kingdom Circuit,"Find upcoming Jude Barclay Christian hip-hop concerts, tour dates, festivals, and verified official show links.",https://kingdomcircuit.com/artists/jude-barclay/,"index,follow",Jude Barclay,85,16,False,True,
https://kingdomcircuit.com/artists/jwoodz/,artist,200,https://kingdomcircuit.com/artists/jwoodz/?full-audit=1,JWoodz Concerts & Tour Dates | The Kingdom Circuit,"Find upcoming JWoodz Christian hip-hop concerts, tour dates, festivals, and verified official show links.",https://kingdomcircuit.com/artists/jwoodz/,"index,follow",JWoodz,81,16,False,True,
https://kingdomcircuit.com/artists/k-drama/,artist,200,https://kingdomcircuit.com/artists/k-drama/?full-audit=1,K-Drama Concerts & Tour Dates | The Kingdom Circuit,"Find upcoming K-Drama Christian hip-hop concerts, tour dates, festivals, and verified official show links.",https://kingdomcircuit.com/artists/k-drama/,"index,follow",K-Drama,82,16,False,True,
https://kingdomcircuit.com/artists/kaden-jordan/,artist,200,https://kingdomcircuit.com/artists/kaden-jordan/?full-audit=1,Kaden Jordan Concerts & Tour Dates | The Kingdom Circuit,"Find upcoming Kaden Jordan Christian hip-hop concerts, tour dates, festivals, and verified official show links.",https://kingdomcircuit.com/artists/kaden-jordan/,"index,follow",Kaden Jordan,85,16,False,True,
https://kingdomcircuit.com/artists/kaleb-mitchell/,artist,200,https://kingdomcircuit.com/artists/kaleb-mitchell/?full-audit=1,Kaleb Mitchell Concerts & Tour Dates | The Kingdom Circuit,"Find upcoming Kaleb Mitchell Christian hip-hop concerts, tour dates, festivals, and verified official show links.",https://kingdomcircuit.com/artists/kaleb-mitchell/,"index,follow",Kaleb Mitchell,85,16,False,True,
https://kingdomcircuit.com/artists/kay-sade/,artist,200,https://kingdomcircuit.com/artists/kay-sade/?full-audit=1,Kay Sade Concerts & Tour Dates | The Kingdom Circuit,"Find upcoming Kay Sade Christian hip-hop concerts, tour dates, festivals, and verified official show links.",https://kingdomcircuit.com/artists/kay-sade/,"index,follow",Kay Sade,85,16,False,True,
https://kingdomcircuit.com/artists/kb/,artist,200,https://kingdomcircuit.com/artists/kb/?full-audit=1,KB Concerts & Tour Dates | The Kingdom Circuit,"Find upcoming KB Christian hip-hop concerts, tour dates, festivals, and verified official show links.",https://kingdomcircuit.com/artists/kb/,"index,follow",KB,190,36,False,True,
https://kingdomcircuit.com/artists/keiana/,artist,200,https://kingdomcircuit.com/artists/keiana/?full-audit=1,Keiana Concerts & Tour Dates | The Kingdom Circuit,"Find upcoming Keiana Christian hip-hop concerts, tour dates, festivals, and verified official show links.",https://kingdomcircuit.com/artists/keiana/,"index,follow",Keiana,81,16,False,True,
https://kingdomcircuit.com/artists/kelo/,artist,200,https://kingdomcircuit.com/artists/kelo/?full-audit=1,Kelo Concerts & Tour Dates | The Kingdom Circuit,"Find upcoming Kelo Christian hip-hop concerts, tour dates, festivals, and verified official show links.",https://kingdomcircuit.com/artists/kelo/,"index,follow",Kelo,81,16,False,True,
https://kingdomcircuit.com/artists/kevi-morse/,artist,200,https://kingdomcircuit.com/artists/kevi-morse/?full-audit=1,Kevi Morse Concerts & Tour Dates | The Kingdom Circuit,"Find upcoming Kevi Morse Christian hip-hop concerts, tour dates, festivals, and verified official show links.",https://kingdomcircuit.com/artists/kevi-morse/,"index,follow",Kevi Morse,85,16,False,True,
https://kingdomcircuit.com/artists/kham/,artist,200,https://kingdomcircuit.com/artists/kham/?full-audit=1,Kham Concerts & Tour Dates | The Kingdom Circuit,"Find upcoming Kham Christian hip-hop concerts, tour dates, festivals, and verified official show links.",https://kingdomcircuit.com/artists/kham/,"index,follow",Kham,81,16,False,True,
https://kingdomcircuit.com/artists/ki-shon-furlow/,artist,200,https://kingdomcircuit.com/artists/ki-shon-furlow/?full-audit=1,Ki'Shon Furlow Concerts & Tour Dates | The Kingdom Circuit,"Find upcoming Ki'Shon Furlow Christian hip-hop concerts, tour dates, festivals, and verified official show links.",https://kingdomcircuit.com/artists/ki-shon-furlow/,"index,follow",Ki'Shon Furlow,85,16,False,True,
https://kingdomcircuit.com/artists/kieran-the-light/,artist,200,https://kingdomcircuit.com/artists/kieran-the-light/?full-audit=1,Kieran the Light Concerts & Tour Dates | The Kingdom Circuit,"Find upcoming Kieran the Light Christian hip-hop concerts, tour dates, festivals, and verified official show links.",https://kingdomcircuit.com/artists/kieran-the-light/,"index,follow",Kieran the Light,89,16,False,True,
https://kingdomcircuit.com/artists/kijan-boone/,artist,200,https://kingdomcircuit.com/artists/kijan-boone/?full-audit=1,Kijan Boone Concerts & Tour Dates | The Kingdom Circuit,"Find upcoming Kijan Boone Christian hip-hop concerts, tour dates, festivals, and verified official show links.",https://kingdomcircuit.com/artists/kijan-boone/,"index,follow",Kijan Boone,626,110,False,True,
https://kingdomcircuit.com/artists/kings-kaleidoscope/,artist,200,https://kingdomcircuit.com/artists/kings-kaleidoscope/?full-audit=1,Kings Kaleidoscope Concerts & Tour Dates | The Kingdom Circuit,"Find upcoming Kings Kaleidoscope Christian hip-hop concerts, tour dates, festivals, and verified official show links.",https://kingdomcircuit.com/artists/kings-kaleidoscope/,"index,follow",Kings Kaleidoscope,85,16,False,True,
https://kingdomcircuit.com/artists/kj-52/,artist,200,https://kingdomcircuit.com/artists/kj-52/?full-audit=1,KJ-52 Concerts & Tour Dates | The Kingdom Circuit,"Find upcoming KJ-52 Christian hip-hop concerts, tour dates, festivals, and verified official show links.",https://kingdomcircuit.com/artists/kj-52/,"index,follow",KJ-52,82,16,False,True,
https://kingdomcircuit.com/artists/kvng-flvcko/,artist,200,https://kingdomcircuit.com/artists/kvng-flvcko/?full-audit=1,Kvng Flvcko Concerts & Tour Dates | The Kingdom Circuit,"Find upcoming Kvng Flvcko Christian hip-hop concerts, tour dates, festivals, and verified official show links.",https://kingdomcircuit.com/artists/kvng-flvcko/,"index,follow",Kvng Flvcko,85,16,False,True,
https://kingdomcircuit.com/artists/lanell-grant/,artist,200,https://kingdomcircuit.com/artists/lanell-grant/?full-audit=1,LaNell Grant Concerts & Tour Dates | The Kingdom Circuit,"Find upcoming LaNell Grant Christian hip-hop concerts, tour dates, festivals, and verified official show links.",https://kingdomcircuit.com/artists/lanell-grant/,"index,follow",LaNell Grant,85,16,False,True,
https://kingdomcircuit.com/artists/latoria/,artist,200,https://kingdomcircuit.com/artists/latoria/?full-audit=1,Latoria Concerts & Tour Dates | The Kingdom Circuit,"Find upcoming Latoria Christian hip-hop concerts, tour dates, festivals, and verified official show links.",https://kingdomcircuit.com/artists/latoria/,"index,follow",Latoria,81,16,False,True,
https://kingdomcircuit.com/artists/lecrae/,artist,200,https://kingdomcircuit.com/artists/lecrae/?full-audit=1,Lecrae Concerts & Tour Dates | The Kingdom Circuit,"Find upcoming Lecrae Christian hip-hop concerts, tour dates, festivals, and verified official show links.",https://kingdomcircuit.com/artists/lecrae/,"index,follow",Lecrae,103,19,False,True,
https://kingdomcircuit.com/artists/licy-be/,artist,200,https://kingdomcircuit.com/artists/licy-be/?full-audit=1,Licy Be Concerts & Tour Dates | The Kingdom Circuit,"Find upcoming Licy Be Christian hip-hop concerts, tour dates, festivals, and verified official show links.",https://kingdomcircuit.com/artists/licy-be/,"index,follow",Licy Be,85,16,False,True,
https://kingdomcircuit.com/artists/limoblaze/,artist,200,https://kingdomcircuit.com/artists/limoblaze/?full-audit=1,Limoblaze Concerts & Tour Dates | The Kingdom Circuit,"Find upcoming Limoblaze Christian hip-hop concerts, tour dates, festivals, and verified official show links.",https://kingdomcircuit.com/artists/limoblaze/,"index,follow",Limoblaze,81,16,False,True,
https://kingdomcircuit.com/artists/linga-theboss/,artist,200,https://kingdomcircuit.com/artists/linga-theboss/?full-audit=1,Linga TheBoss Concerts & Tour Dates | The Kingdom Circuit,"Find upcoming Linga TheBoss Christian hip-hop concerts, tour dates, festivals, and verified official show links.",https://kingdomcircuit.com/artists/linga-theboss/,"index,follow",Linga TheBoss,85,16,False,True,
https://kingdomcircuit.com/artists/lizzy-parra/,artist,200,https://kingdomcircuit.com/artists/lizzy-parra/?full-audit=1,Lizzy Parra Concerts & Tour Dates | The Kingdom Circuit,"Find upcoming Lizzy Parra Christian hip-hop concerts, tour dates, festivals, and verified official show links.",https://kingdomcircuit.com/artists/lizzy-parra/,"index,follow",Lizzy Parra,85,16,False,True,
https://kingdomcircuit.com/artists/lul-dreday/,artist,200,https://kingdomcircuit.com/artists/lul-dreday/?full-audit=1,Lul DreDay Concerts & Tour Dates | The Kingdom Circuit,"Find upcoming Lul DreDay Christian hip-hop concerts, tour dates, festivals, and verified official show links.",https://kingdomcircuit.com/artists/lul-dreday/,"index,follow",Lul DreDay,85,16,False,True,
https://kingdomcircuit.com/artists/madiel-lara/,artist,200,https://kingdomcircuit.com/artists/madiel-lara/?full-audit=1,Madiel Lara Concerts & Tour Dates | The Kingdom Circuit,"Find upcoming Madiel Lara Christian hip-hop concerts, tour dates, festivals, and verified official show links.",https://kingdomcircuit.com/artists/madiel-lara/,"index,follow",Madiel Lara,85,16,False,True,
https://kingdomcircuit.com/artists/madison-ryann-ward/,artist,200,https://kingdomcircuit.com/artists/madison-ryann-ward/?full-audit=1,Madison Ryann Ward Concerts & Tour Dates | The Kingdom Circuit,"Find upcoming Madison Ryann Ward Christian hip-hop concerts, tour dates, festivals, and verified official show links.",https://kingdomcircuit.com/artists/madison-ryann-ward/,"index,follow",Madison Ryann Ward,276,37,False,True,
https://kingdomcircuit.com/artists/mahogany-jones/,artist,200,https://kingdomcircuit.com/artists/mahogany-jones/?full-audit=1,Mahogany Jones Concerts & Tour Dates | The Kingdom Circuit,"Find upcoming Mahogany Jones Christian hip-hop concerts, tour dates, festivals, and verified official show links.",https://kingdomcircuit.com/artists/mahogany-jones/,"index,follow",Mahogany Jones,85,16,False,True,
https://kingdomcircuit.com/artists/manafest/,artist,200,https://kingdomcircuit.com/artists/manafest/?full-audit=1,Manafest Concerts & Tour Dates | The Kingdom Circuit,"Find upcoming Manafest Christian hip-hop concerts, tour dates, festivals, and verified official show links.",https://kingdomcircuit.com/artists/manafest/,"index,follow",Manafest,82,16,False,True,
https://kingdomcircuit.com/artists/manny-montes/,artist,200,https://kingdomcircuit.com/artists/manny-montes/?full-audit=1,Manny Montes Concerts & Tour Dates | The Kingdom Circuit,"Find upcoming Manny Montes Christian hip-hop concerts, tour dates, festivals, and verified official show links.",https://kingdomcircuit.com/artists/manny-montes/,"index,follow",Manny Montes,85,16,False,True,
https://kingdomcircuit.com/artists/marty/,artist,200,https://kingdomcircuit.com/artists/marty/?full-audit=1,Marty Concerts & Tour Dates | The Kingdom Circuit,"Find upcoming Marty Christian hip-hop concerts, tour dates, festivals, and verified official show links.",https://kingdomcircuit.com/artists/marty/,"index,follow",Marty,81,16,False,True,
https://kingdomcircuit.com/artists/mayia/,artist,200,https://kingdomcircuit.com/artists/mayia/?full-audit=1,MAYIA Concerts & Tour Dates | The Kingdom Circuit,"Find upcoming MAYIA Christian hip-hop concerts, tour dates, festivals, and verified official show links.",https://kingdomcircuit.com/artists/mayia/,"index,follow",MAYIA,81,16,False,True,
https://kingdomcircuit.com/artists/mc-jin/,artist,200,https://kingdomcircuit.com/artists/mc-jin/?full-audit=1,MC Jin Concerts & Tour Dates | The Kingdom Circuit,"Find upcoming MC Jin Christian hip-hop concerts, tour dates, festivals, and verified official show links.",https://kingdomcircuit.com/artists/mc-jin/,"index,follow",MC Jin,85,16,False,True,
https://kingdomcircuit.com/artists/megan-tossi/,artist,200,https://kingdomcircuit.com/artists/megan-tossi/?full-audit=1,Megan Tossi Concerts & Tour Dates | The Kingdom Circuit,"Find upcoming Megan Tossi Christian hip-hop concerts, tour dates, festivals, and verified official show links.",https://kingdomcircuit.com/artists/megan-tossi/,"index,follow",Megan Tossi,85,16,False,True,
https://kingdomcircuit.com/artists/mica/,artist,200,https://kingdomcircuit.com/artists/mica/?full-audit=1,mica Concerts & Tour Dates | The Kingdom Circuit,"Find upcoming mica Christian hip-hop concerts, tour dates, festivals, and verified official show links.",https://kingdomcircuit.com/artists/mica/,"index,follow",mica,81,16,False,True,
https://kingdomcircuit.com/artists/mike-malagies/,artist,200,https://kingdomcircuit.com/artists/mike-malagies/?full-audit=1,Mike Malagies Concerts & Tour Dates | The Kingdom Circuit,"Find upcoming Mike Malagies Christian hip-hop concerts, tour dates, festivals, and verified official show links.",https://kingdomcircuit.com/artists/mike-malagies/,"index,follow",Mike Malagies,114,21,False,True,
https://kingdomcircuit.com/artists/mike-real/,artist,200,https://kingdomcircuit.com/artists/mike-real/?full-audit=1,Mike REAL Concerts & Tour Dates | The Kingdom Circuit,"Find upcoming Mike REAL Christian hip-hop concerts, tour dates, festivals, and verified official show links.",https://kingdomcircuit.com/artists/mike-real/,"index,follow",Mike REAL,85,16,False,True,
https://kingdomcircuit.com/artists/mike-teezy/,artist,200,https://kingdomcircuit.com/artists/mike-teezy/?full-audit=1,Mike Teezy Concerts & Tour Dates | The Kingdom Circuit,"Find upcoming Mike Teezy Christian hip-hop concerts, tour dates, festivals, and verified official show links.",https://kingdomcircuit.com/artists/mike-teezy/,"index,follow",Mike Teezy,108,19,False,True,
https://kingdomcircuit.com/artists/miles-minnick/,artist,200,https://kingdomcircuit.com/artists/miles-minnick/?full-audit=1,Miles Minnick Concerts & Tour Dates | The Kingdom Circuit,"Find upcoming Miles Minnick Christian hip-hop concerts, tour dates, festivals, and verified official show links.",https://kingdomcircuit.com/artists/miles-minnick/,"index,follow",Miles Minnick,164,31,False,True,
https://kingdomcircuit.com/artists/mission/,artist,200,https://kingdomcircuit.com/artists/mission/?full-audit=1,Mission Concerts & Tour Dates | The Kingdom Circuit,"Find upcoming Mission Christian hip-hop concerts, tour dates, festivals, and verified official show links.",https://kingdomcircuit.com/artists/mission/,"index,follow",Mission,81,16,False,True,
https://kingdomcircuit.com/artists/moe-grant/,artist,200,https://kingdomcircuit.com/artists/moe-grant/?full-audit=1,Moe Grant Concerts & Tour Dates | The Kingdom Circuit,"Find upcoming Moe Grant Christian hip-hop concerts, tour dates, festivals, and verified official show links.",https://kingdomcircuit.com/artists/moe-grant/,"index,follow",Moe Grant,85,16,False,True,
https://kingdomcircuit.com/artists/mogli-the-iceburg/,artist,200,https://kingdomcircuit.com/artists/mogli-the-iceburg/?full-audit=1,Mogli the Iceburg Concerts & Tour Dates | The Kingdom Circuit,"Find upcoming Mogli the Iceburg Christian hip-hop concerts, tour dates, festivals, and verified official show links.",https://kingdomcircuit.com/artists/mogli-the-iceburg/,"index,follow",Mogli the Iceburg,89,16,False,True,
https://kingdomcircuit.com/artists/monica-hill-trejo/,artist,200,https://kingdomcircuit.com/artists/monica-hill-trejo/?full-audit=1,Monica Hill Trejo Concerts & Tour Dates | The Kingdom Circuit,"Find upcoming Monica Hill Trejo Christian hip-hop concerts, tour dates, festivals, and verified official show links.",https://kingdomcircuit.com/artists/monica-hill-trejo/,"index,follow",Monica Hill Trejo,89,16,False,True,
https://kingdomcircuit.com/artists/monster-tarver/,artist,200,https://kingdomcircuit.com/artists/monster-tarver/?full-audit=1,Monster Tarver Concerts & Tour Dates | The Kingdom Circuit,"Find upcoming Monster Tarver Christian hip-hop concerts, tour dates, festivals, and verified official show links.",https://kingdomcircuit.com/artists/monster-tarver/,"index,follow",Monster Tarver,85,16,False,True,
https://kingdomcircuit.com/artists/motionplus/,artist,200,https://kingdomcircuit.com/artists/motionplus/?full-audit=1,MotionPlus Concerts & Tour Dates | The Kingdom Circuit,"Find upcoming MotionPlus Christian hip-hop concerts, tour dates, festivals, and verified official show links.",https://kingdomcircuit.com/artists/motionplus/,"index,follow",MotionPlus,81,16,False,True,
https://kingdomcircuit.com/artists/mouthpi3ce/,artist,200,https://kingdomcircuit.com/artists/mouthpi3ce/?full-audit=1,Mouthpi3ce Concerts & Tour Dates | The Kingdom Circuit,"Find upcoming Mouthpi3ce Christian hip-hop concerts, tour dates, festivals, and verified official show links.",https://kingdomcircuit.com/artists/mouthpi3ce/,"index,follow",Mouthpi3ce,81,16,False,True,
https://kingdomcircuit.com/artists/mr-del/,artist,200,https://kingdomcircuit.com/artists/mr-del/?full-audit=1,Mr. Del Concerts & Tour Dates | The Kingdom Circuit,"Find upcoming Mr. Del Christian hip-hop concerts, tour dates, festivals, and verified official show links.",https://kingdomcircuit.com/artists/mr-del/,"index,follow",Mr. Del,85,16,False,True,
https://kingdomcircuit.com/artists/musiko/,artist,200,https://kingdomcircuit.com/artists/musiko/?full-audit=1,Musiko Concerts & Tour Dates | The Kingdom Circuit,"Find upcoming Musiko Christian hip-hop concerts, tour dates, festivals, and verified official show links.",https://kingdomcircuit.com/artists/musiko/,"index,follow",Musiko,81,16,False,True,
https://kingdomcircuit.com/artists/myles-maestro/,artist,200,https://kingdomcircuit.com/artists/myles-maestro/?full-audit=1,Myles Maestro Concerts & Tour Dates | The Kingdom Circuit,"Find upcoming Myles Maestro Christian hip-hop concerts, tour dates, festivals, and verified official show links.",https://kingdomcircuit.com/artists/myles-maestro/,"index,follow",Myles Maestro,85,16,False,True,
https://kingdomcircuit.com/artists/nat-lauren/,artist,200,https://kingdomcircuit.com/artists/nat-lauren/?full-audit=1,Nat Lauren Concerts & Tour Dates | The Kingdom Circuit,"Find upcoming Nat Lauren Christian hip-hop concerts, tour dates, festivals, and verified official show links.",https://kingdomcircuit.com/artists/nat-lauren/,"index,follow",Nat Lauren,85,16,False,True,
https://kingdomcircuit.com/artists/nathan-davis-jr/,artist,200,https://kingdomcircuit.com/artists/nathan-davis-jr/?full-audit=1,Nathan Davis Jr. Concerts & Tour Dates | The Kingdom Circuit,"Find upcoming Nathan Davis Jr. Christian hip-hop concerts, tour dates, festivals, and verified official show links.",https://kingdomcircuit.com/artists/nathan-davis-jr/,"index,follow",Nathan Davis Jr.,89,16,False,True,
https://kingdomcircuit.com/artists/nesk-only/,artist,200,https://kingdomcircuit.com/artists/nesk-only/?full-audit=1,Nesk Only Concerts & Tour Dates | The Kingdom Circuit,"Find upcoming Nesk Only Christian hip-hop concerts, tour dates, festivals, and verified official show links.",https://kingdomcircuit.com/artists/nesk-only/,"index,follow",Nesk Only,85,16,False,True,
https://kingdomcircuit.com/artists/nf/,artist,200,https://kingdomcircuit.com/artists/nf/?full-audit=1,NF Concerts & Tour Dates | The Kingdom Circuit,"Find upcoming NF Christian hip-hop concerts, tour dates, festivals, and verified official show links.",https://kingdomcircuit.com/artists/nf/,"index,follow",NF,81,16,False,True,
https://kingdomcircuit.com/artists/nic-d/,artist,200,https://kingdomcircuit.com/artists/nic-d/?full-audit=1,Nic D Concerts & Tour Dates | The Kingdom Circuit,"Find upcoming Nic D Christian hip-hop concerts, tour dates, festivals, and verified official show links.",https://kingdomcircuit.com/artists/nic-d/,"index,follow",Nic D,86,16,False,True,
https://kingdomcircuit.com/artists/nicky-gracious/,artist,200,https://kingdomcircuit.com/artists/nicky-gracious/?full-audit=1,Nicky Gracious Concerts & Tour Dates | The Kingdom Circuit,"Find upcoming Nicky Gracious Christian hip-hop concerts, tour dates, festivals, and verified official show links.",https://kingdomcircuit.com/artists/nicky-gracious/,"index,follow",Nicky Gracious,205,41,False,True,
https://kingdomcircuit.com/artists/niko-eme/,artist,200,https://kingdomcircuit.com/artists/niko-eme/?full-audit=1,Niko Eme Concerts & Tour Dates | The Kingdom Circuit,"Find upcoming Niko Eme Christian hip-hop concerts, tour dates, festivals, and verified official show links.",https://kingdomcircuit.com/artists/niko-eme/,"index,follow",Niko Eme,85,16,False,True,
https://kingdomcircuit.com/artists/no-malice/,artist,200,https://kingdomcircuit.com/artists/no-malice/?full-audit=1,No Malice Concerts & Tour Dates | The Kingdom Circuit,"Find upcoming No Malice Christian hip-hop concerts, tour dates, festivals, and verified official show links.",https://kingdomcircuit.com/artists/no-malice/,"index,follow",No Malice,85,16,False,True,
https://kingdomcircuit.com/artists/nobigdyl/,artist,200,https://kingdomcircuit.com/artists/nobigdyl/?full-audit=1,nobigdyl. Concerts & Tour Dates | The Kingdom Circuit,"Find upcoming nobigdyl. Christian hip-hop concerts, tour dates, festivals, and verified official show links.",https://kingdomcircuit.com/artists/nobigdyl/,"index,follow",nobigdyl.,106,25,False,True,
https://kingdomcircuit.com/artists/not-klyde/,artist,200,https://kingdomcircuit.com/artists/not-klyde/?full-audit=1,Not Klyde Concerts & Tour Dates | The Kingdom Circuit,"Find upcoming Not Klyde Christian hip-hop concerts, tour dates, festivals, and verified official show links.",https://kingdomcircuit.com/artists/not-klyde/,"index,follow",Not Klyde,85,16,False,True,
https://kingdomcircuit.com/artists/oba-reengy/,artist,200,https://kingdomcircuit.com/artists/oba-reengy/?full-audit=1,Oba Reengy Concerts & Tour Dates | The Kingdom Circuit,"Find upcoming Oba Reengy Christian hip-hop concerts, tour dates, festivals, and verified official show links.",https://kingdomcircuit.com/artists/oba-reengy/,"index,follow",Oba Reengy,85,16,False,True,
https://kingdomcircuit.com/artists/odd-thomas/,artist,200,https://kingdomcircuit.com/artists/odd-thomas/?full-audit=1,Odd Thomas Concerts & Tour Dates | The Kingdom Circuit,"Find upcoming Odd Thomas Christian hip-hop concerts, tour dates, festivals, and verified official show links.",https://kingdomcircuit.com/artists/odd-thomas/,"index,follow",Odd Thomas,85,16,False,True,
https://kingdomcircuit.com/artists/outr-cty/,artist,200,https://kingdomcircuit.com/artists/outr-cty/?full-audit=1,outr.cty Concerts & Tour Dates | The Kingdom Circuit,"Find upcoming outr.cty Christian hip-hop concerts, tour dates, festivals, and verified official show links.",https://kingdomcircuit.com/artists/outr-cty/,"index,follow",outr.cty,85,16,False,True,
https://kingdomcircuit.com/artists/parris-chariz/,artist,200,https://kingdomcircuit.com/artists/parris-chariz/?full-audit=1,Parris Chariz Concerts & Tour Dates | The Kingdom Circuit,"Find upcoming Parris Chariz Christian hip-hop concerts, tour dates, festivals, and verified official show links.",https://kingdomcircuit.com/artists/parris-chariz/,"index,follow",Parris Chariz,109,20,False,True,
https://kingdomcircuit.com/artists/pastor-mike-jr/,artist,200,https://kingdomcircuit.com/artists/pastor-mike-jr/?full-audit=1,Pastor Mike Jr. Concerts & Tour Dates | The Kingdom Circuit,"Find upcoming Pastor Mike Jr. Christian hip-hop concerts, tour dates, festivals, and verified official show links.",https://kingdomcircuit.com/artists/pastor-mike-jr/,"index,follow",Pastor Mike Jr.,90,16,False,True,
https://kingdomcircuit.com/artists/paul-russell/,artist,200,https://kingdomcircuit.com/artists/paul-russell/?full-audit=1,Paul Russell Concerts & Tour Dates | The Kingdom Circuit,"Find upcoming Paul Russell Christian hip-hop concerts, tour dates, festivals, and verified official show links.",https://kingdomcircuit.com/artists/paul-russell/,"index,follow",Paul Russell,85,16,False,True,
https://kingdomcircuit.com/artists/peair/,artist,200,https://kingdomcircuit.com/artists/peair/?full-audit=1,Peair Concerts & Tour Dates | The Kingdom Circuit,"Find upcoming Peair Christian hip-hop concerts, tour dates, festivals, and verified official show links.",https://kingdomcircuit.com/artists/peair/,"index,follow",Peair,81,16,False,True,
https://kingdomcircuit.com/artists/pettidee/,artist,200,https://kingdomcircuit.com/artists/pettidee/?full-audit=1,Pettidee Concerts & Tour Dates | The Kingdom Circuit,"Find upcoming Pettidee Christian hip-hop concerts, tour dates, festivals, and verified official show links.",https://kingdomcircuit.com/artists/pettidee/,"index,follow",Pettidee,81,16,False,True,
https://kingdomcircuit.com/artists/pishko/,artist,200,https://kingdomcircuit.com/artists/pishko/?full-audit=1,Pishko Concerts & Tour Dates | The Kingdom Circuit,"Find upcoming Pishko Christian hip-hop concerts, tour dates, festivals, and verified official show links.",https://kingdomcircuit.com/artists/pishko/,"index,follow",Pishko,81,16,False,True,
https://kingdomcircuit.com/artists/porsha-love/,artist,200,https://kingdomcircuit.com/artists/porsha-love/?full-audit=1,Porsha Love Concerts & Tour Dates | The Kingdom Circuit,"Find upcoming Porsha Love Christian hip-hop concerts, tour dates, festivals, and verified official show links.",https://kingdomcircuit.com/artists/porsha-love/,"index,follow",Porsha Love,109,20,False,True,
https://kingdomcircuit.com/artists/pregador-luo/,artist,200,https://kingdomcircuit.com/artists/pregador-luo/?full-audit=1,Pregador Luo Concerts & Tour Dates | The Kingdom Circuit,"Find upcoming Pregador Luo Christian hip-hop concerts, tour dates, festivals, and verified official show links.",https://kingdomcircuit.com/artists/pregador-luo/,"index,follow",Pregador Luo,85,16,False,True,
https://kingdomcircuit.com/artists/pristavia/,artist,200,https://kingdomcircuit.com/artists/pristavia/?full-audit=1,Pristavia Concerts & Tour Dates | The Kingdom Circuit,"Find upcoming Pristavia Christian hip-hop concerts, tour dates, festivals, and verified official show links.",https://kingdomcircuit.com/artists/pristavia/,"index,follow",Pristavia,81,16,False,True,
https://kingdomcircuit.com/artists/propaganda/,artist,200,https://kingdomcircuit.com/artists/propaganda/?full-audit=1,Propaganda Concerts & Tour Dates | The Kingdom Circuit,"Find upcoming Propaganda Christian hip-hop concerts, tour dates, festivals, and verified official show links.",https://kingdomcircuit.com/artists/propaganda/,"index,follow",Propaganda,81,16,False,True,
https://kingdomcircuit.com/artists/q-flo/,artist,200,https://kingdomcircuit.com/artists/q-flo/?full-audit=1,Q-Flo Concerts & Tour Dates | The Kingdom Circuit,"Find upcoming Q-Flo Christian hip-hop concerts, tour dates, festivals, and verified official show links.",https://kingdomcircuit.com/artists/q-flo/,"index,follow",Q-Flo,81,16,False,True,
https://kingdomcircuit.com/artists/r-swift/,artist,200,https://kingdomcircuit.com/artists/r-swift/?full-audit=1,R-Swift Concerts & Tour Dates | The Kingdom Circuit,"Find upcoming R-Swift Christian hip-hop concerts, tour dates, festivals, and verified official show links.",https://kingdomcircuit.com/artists/r-swift/,"index,follow",R-Swift,81,16,False,True,
https://kingdomcircuit.com/artists/rare-of-breed/,artist,200,https://kingdomcircuit.com/artists/rare-of-breed/?full-audit=1,Rare of Breed Concerts & Tour Dates | The Kingdom Circuit,"Find upcoming Rare of Breed Christian hip-hop concerts, tour dates, festivals, and verified official show links.",https://kingdomcircuit.com/artists/rare-of-breed/,"index,follow",Rare of Breed,114,20,False,True,
https://kingdomcircuit.com/artists/razzie/,artist,200,https://kingdomcircuit.com/artists/razzie/?full-audit=1,Razzie Concerts & Tour Dates | The Kingdom Circuit,"Find upcoming Razzie Christian hip-hop concerts, tour dates, festivals, and verified official show links.",https://kingdomcircuit.com/artists/razzie/,"index,follow",Razzie,81,16,False,True,
https://kingdomcircuit.com/artists/reblah/,artist,200,https://kingdomcircuit.com/artists/reblah/?full-audit=1,Reblah Concerts & Tour Dates | The Kingdom Circuit,"Find upcoming Reblah Christian hip-hop concerts, tour dates, festivals, and verified official show links.",https://kingdomcircuit.com/artists/reblah/,"index,follow",Reblah,81,16,False,True,
https://kingdomcircuit.com/artists/reconcile/,artist,200,https://kingdomcircuit.com/artists/reconcile/?full-audit=1,Reconcile Concerts & Tour Dates | The Kingdom Circuit,"Find upcoming Reconcile Christian hip-hop concerts, tour dates, festivals, and verified official show links.",https://kingdomcircuit.com/artists/reconcile/,"index,follow",Reconcile,81,16,False,True,
https://kingdomcircuit.com/artists/red-tips/,artist,200,https://kingdomcircuit.com/artists/red-tips/?full-audit=1,Red Tips Concerts & Tour Dates | The Kingdom Circuit,"Find upcoming Red Tips Christian hip-hop concerts, tour dates, festivals, and verified official show links.",https://kingdomcircuit.com/artists/red-tips/,"index,follow",Red Tips,85,16,False,True,
https://kingdomcircuit.com/artists/redeemed/,artist,200,https://kingdomcircuit.com/artists/redeemed/?full-audit=1,REDEEMED Concerts & Tour Dates | The Kingdom Circuit,"Find upcoming REDEEMED Christian hip-hop concerts, tour dates, festivals, and verified official show links.",https://kingdomcircuit.com/artists/redeemed/,"index,follow",REDEEMED,152,31,False,True,
https://kingdomcircuit.com/artists/redimi2/,artist,200,https://kingdomcircuit.com/artists/redimi2/?full-audit=1,Redimi2 Concerts & Tour Dates | The Kingdom Circuit,"Find upcoming Redimi2 Christian hip-hop concerts, tour dates, festivals, and verified official show links.",https://kingdomcircuit.com/artists/redimi2/,"index,follow",Redimi2,82,16,False,True,
https://kingdomcircuit.com/artists/reece-lache/,artist,200,https://kingdomcircuit.com/artists/reece-lache/?full-audit=1,Reece Lache' Concerts & Tour Dates | The Kingdom Circuit,"Find upcoming Reece Lache' Christian hip-hop concerts, tour dates, festivals, and verified official show links.",https://kingdomcircuit.com/artists/reece-lache/,"index,follow",Reece Lache',85,16,False,True,
https://kingdomcircuit.com/artists/rubinsky-rbk/,artist,200,https://kingdomcircuit.com/artists/rubinsky-rbk/?full-audit=1,Rubinsky RBK Concerts & Tour Dates | The Kingdom Circuit,"Find upcoming Rubinsky RBK Christian hip-hop concerts, tour dates, festivals, and verified official show links.",https://kingdomcircuit.com/artists/rubinsky-rbk/,"index,follow",Rubinsky RBK,85,16,False,True,
https://kingdomcircuit.com/artists/ruslan/,artist,200,https://kingdomcircuit.com/artists/ruslan/?full-audit=1,Ruslan Concerts & Tour Dates | The Kingdom Circuit,"Find upcoming Ruslan Christian hip-hop concerts, tour dates, festivals, and verified official show links.",https://kingdomcircuit.com/artists/ruslan/,"index,follow",Ruslan,81,16,False,True,
https://kingdomcircuit.com/artists/ryan-trey/,artist,200,https://kingdomcircuit.com/artists/ryan-trey/?full-audit=1,Ryan Trey Concerts & Tour Dates | The Kingdom Circuit,"Find upcoming Ryan Trey Christian hip-hop concerts, tour dates, festivals, and verified official show links.",https://kingdomcircuit.com/artists/ryan-trey/,"index,follow",Ryan Trey,85,16,False,True,
https://kingdomcircuit.com/artists/s-b-g/,artist,200,https://kingdomcircuit.com/artists/s-b-g/?full-audit=1,S.B.G. Concerts & Tour Dates | The Kingdom Circuit,"Find upcoming S.B.G. Christian hip-hop concerts, tour dates, festivals, and verified official show links.",https://kingdomcircuit.com/artists/s-b-g/,"index,follow",S.B.G.,89,16,False,True,
https://kingdomcircuit.com/artists/s-o/,artist,200,https://kingdomcircuit.com/artists/s-o/?full-audit=1,S.O. Concerts & Tour Dates | The Kingdom Circuit,"Find upcoming S.O. Christian hip-hop concerts, tour dates, festivals, and verified official show links.",https://kingdomcircuit.com/artists/s-o/,"index,follow",S.O.,85,16,False,True,
https://kingdomcircuit.com/artists/saint-jones/,artist,200,https://kingdomcircuit.com/artists/saint-jones/?full-audit=1,Saint Jones Concerts & Tour Dates | The Kingdom Circuit,"Find upcoming Saint Jones Christian hip-hop concerts, tour dates, festivals, and verified official show links.",https://kingdomcircuit.com/artists/saint-jones/,"index,follow",Saint Jones,85,16,False,True,
https://kingdomcircuit.com/artists/sam-ock/,artist,200,https://kingdomcircuit.com/artists/sam-ock/?full-audit=1,Sam Ock Concerts & Tour Dates | The Kingdom Circuit,"Find upcoming Sam Ock Christian hip-hop concerts, tour dates, festivals, and verified official show links.",https://kingdomcircuit.com/artists/sam-ock/,"index,follow",Sam Ock,85,16,False,True,
https://kingdomcircuit.com/artists/santana-rose/,artist,200,https://kingdomcircuit.com/artists/santana-rose/?full-audit=1,Santana Rose Concerts & Tour Dates | The Kingdom Circuit,"Find upcoming Santana Rose Christian hip-hop concerts, tour dates, festivals, and verified official show links.",https://kingdomcircuit.com/artists/santana-rose/,"index,follow",Santana Rose,125,26,False,True,
https://kingdomcircuit.com/artists/scootie-wop/,artist,200,https://kingdomcircuit.com/artists/scootie-wop/?full-audit=1,Scootie Wop Concerts & Tour Dates | The Kingdom Circuit,"Find upcoming Scootie Wop Christian hip-hop concerts, tour dates, festivals, and verified official show links.",https://kingdomcircuit.com/artists/scootie-wop/,"index,follow",Scootie Wop,146,22,False,True,
https://kingdomcircuit.com/artists/selah-the-corner/,artist,200,https://kingdomcircuit.com/artists/selah-the-corner/?full-audit=1,Selah the Corner Concerts & Tour Dates | The Kingdom Circuit,"Find upcoming Selah the Corner Christian hip-hop concerts, tour dates, festivals, and verified official show links.",https://kingdomcircuit.com/artists/selah-the-corner/,"index,follow",Selah the Corner,89,16,False,True,
https://kingdomcircuit.com/artists/serious-voice/,artist,200,https://kingdomcircuit.com/artists/serious-voice/?full-audit=1,Serious Voice Concerts & Tour Dates | The Kingdom Circuit,"Find upcoming Serious Voice Christian hip-hop concerts, tour dates, festivals, and verified official show links.",https://kingdomcircuit.com/artists/serious-voice/,"index,follow",Serious Voice,85,16,False,True,
https://kingdomcircuit.com/artists/sevin/,artist,200,https://kingdomcircuit.com/artists/sevin/?full-audit=1,Sevin Concerts & Tour Dates | The Kingdom Circuit,"Find upcoming Sevin Christian hip-hop concerts, tour dates, festivals, and verified official show links.",https://kingdomcircuit.com/artists/sevin/,"index,follow",Sevin,238,31,False,True,
https://kingdomcircuit.com/artists/shai-linne/,artist,200,https://kingdomcircuit.com/artists/shai-linne/?full-audit=1,Shai Linne Concerts & Tour Dates | The Kingdom Circuit,"Find upcoming Shai Linne Christian hip-hop concerts, tour dates, festivals, and verified official show links.",https://kingdomcircuit.com/artists/shai-linne/,"index,follow",Shai Linne,85,16,False,True,
https://kingdomcircuit.com/artists/sho-baraka/,artist,200,https://kingdomcircuit.com/artists/sho-baraka/?full-audit=1,Sho Baraka Concerts & Tour Dates | The Kingdom Circuit,"Find upcoming Sho Baraka Christian hip-hop concerts, tour dates, festivals, and verified official show links.",https://kingdomcircuit.com/artists/sho-baraka/,"index,follow",Sho Baraka,85,16,False,True,
https://kingdomcircuit.com/artists/shy-speaks/,artist,200,https://kingdomcircuit.com/artists/shy-speaks/?full-audit=1,Shy Speaks Concerts & Tour Dates | The Kingdom Circuit,"Find upcoming Shy Speaks Christian hip-hop concerts, tour dates, festivals, and verified official show links.",https://kingdomcircuit.com/artists/shy-speaks/,"index,follow",Shy Speaks,85,16,False,True,
https://kingdomcircuit.com/artists/skema-boy/,artist,200,https://kingdomcircuit.com/artists/skema-boy/?full-audit=1,Skema Boy Concerts & Tour Dates | The Kingdom Circuit,"Find upcoming Skema Boy Christian hip-hop concerts, tour dates, festivals, and verified official show links.",https://kingdomcircuit.com/artists/skema-boy/,"index,follow",Skema Boy,488,68,False,True,
https://kingdomcircuit.com/artists/skrip/,artist,200,https://kingdomcircuit.com/artists/skrip/?full-audit=1,Skrip Concerts & Tour Dates | The Kingdom Circuit,"Find upcoming Skrip Christian hip-hop concerts, tour dates, festivals, and verified official show links.",https://kingdomcircuit.com/artists/skrip/,"index,follow",Skrip,81,16,False,True,
https://kingdomcircuit.com/artists/social-club-misfits/,artist,200,https://kingdomcircuit.com/artists/social-club-misfits/?full-audit=1,Social Club Misfits Concerts & Tour Dates | The Kingdom Circuit,"Find upcoming Social Club Misfits Christian hip-hop concerts, tour dates, festivals, and verified official show links.",https://kingdomcircuit.com/artists/social-club-misfits/,"index,follow",Social Club Misfits,114,20,False,True,
https://kingdomcircuit.com/artists/solachi-voz/,artist,200,https://kingdomcircuit.com/artists/solachi-voz/?full-audit=1,Solachi Voz Concerts & Tour Dates | The Kingdom Circuit,"Find upcoming Solachi Voz Christian hip-hop concerts, tour dates, festivals, and verified official show links.",https://kingdomcircuit.com/artists/solachi-voz/,"index,follow",Solachi Voz,85,16,False,True,
https://kingdomcircuit.com/artists/sondae/,artist,200,https://kingdomcircuit.com/artists/sondae/?full-audit=1,Sondae Concerts & Tour Dates | The Kingdom Circuit,"Find upcoming Sondae Christian hip-hop concerts, tour dates, festivals, and verified official show links.",https://kingdomcircuit.com/artists/sondae/,"index,follow",Sondae,81,16,False,True,
https://kingdomcircuit.com/artists/spec/,artist,200,https://kingdomcircuit.com/artists/spec/?full-audit=1,Spec Concerts & Tour Dates | The Kingdom Circuit,"Find upcoming Spec Christian hip-hop concerts, tour dates, festivals, and verified official show links.",https://kingdomcircuit.com/artists/spec/,"index,follow",Spec,81,16,False,True,
https://kingdomcircuit.com/artists/stephen-the-levite/,artist,200,https://kingdomcircuit.com/artists/stephen-the-levite/?full-audit=1,Stephen the Levite Concerts & Tour Dates | The Kingdom Circuit,"Find upcoming Stephen the Levite Christian hip-hop concerts, tour dates, festivals, and verified official show links.",https://kingdomcircuit.com/artists/stephen-the-levite/,"index,follow",Stephen the Levite,89,16,False,True,
https://kingdomcircuit.com/artists/steven-malcolm/,artist,200,https://kingdomcircuit.com/artists/steven-malcolm/?full-audit=1,Steven Malcolm Concerts & Tour Dates | The Kingdom Circuit,"Find upcoming Steven Malcolm Christian hip-hop concerts, tour dates, festivals, and verified official show links.",https://kingdomcircuit.com/artists/steven-malcolm/,"index,follow",Steven Malcolm,109,19,False,True,
https://kingdomcircuit.com/artists/still-shadey/,artist,200,https://kingdomcircuit.com/artists/still-shadey/?full-audit=1,Still Shadey Concerts & Tour Dates | The Kingdom Circuit,"Find upcoming Still Shadey Christian hip-hop concerts, tour dates, festivals, and verified official show links.",https://kingdomcircuit.com/artists/still-shadey/,"index,follow",Still Shadey,85,16,False,True,
https://kingdomcircuit.com/artists/stixx-aka-conejo/,artist,200,https://kingdomcircuit.com/artists/stixx-aka-conejo/?full-audit=1,Stixx aka Conejo Concerts & Tour Dates | The Kingdom Circuit,"Find upcoming Stixx aka Conejo Christian hip-hop concerts, tour dates, festivals, and verified official show links.",https://kingdomcircuit.com/artists/stixx-aka-conejo/,"index,follow",Stixx aka Conejo,89,16,False,True,
https://kingdomcircuit.com/artists/surf-gvng/,artist,200,https://kingdomcircuit.com/artists/surf-gvng/?full-audit=1,Surf Gvng Concerts & Tour Dates | The Kingdom Circuit,"Find upcoming Surf Gvng Christian hip-hop concerts, tour dates, festivals, and verified official show links.",https://kingdomcircuit.com/artists/surf-gvng/,"index,follow",Surf Gvng,85,16,False,True,
https://kingdomcircuit.com/artists/swaizy/,artist,200,https://kingdomcircuit.com/artists/swaizy/?full-audit=1,Swaizy Concerts & Tour Dates | The Kingdom Circuit,"Find upcoming Swaizy Christian hip-hop concerts, tour dates, festivals, and verified official show links.",https://kingdomcircuit.com/artists/swaizy/,"index,follow",Swaizy,81,16,False,True,
https://kingdomcircuit.com/artists/swoope/,artist,200,https://kingdomcircuit.com/artists/swoope/?full-audit=1,Swoope Concerts & Tour Dates | The Kingdom Circuit,"Find upcoming Swoope Christian hip-hop concerts, tour dates, festivals, and verified official show links.",https://kingdomcircuit.com/artists/swoope/,"index,follow",Swoope,81,16,False,True,
https://kingdomcircuit.com/artists/taelor-gray/,artist,200,https://kingdomcircuit.com/artists/taelor-gray/?full-audit=1,Taelor Gray Concerts & Tour Dates | The Kingdom Circuit,"Find upcoming Taelor Gray Christian hip-hop concerts, tour dates, festivals, and verified official show links.",https://kingdomcircuit.com/artists/taelor-gray/,"index,follow",Taelor Gray,86,16,False,True,
https://kingdomcircuit.com/artists/tarcea-renee/,artist,200,https://kingdomcircuit.com/artists/tarcea-renee/?full-audit=1,Tarcea Renee Concerts & Tour Dates | The Kingdom Circuit,"Find upcoming Tarcea Renee Christian hip-hop concerts, tour dates, festivals, and verified official show links.",https://kingdomcircuit.com/artists/tarcea-renee/,"index,follow",Tarcea Renee,85,16,False,True,
https://kingdomcircuit.com/artists/tay-stunna/,artist,200,https://kingdomcircuit.com/artists/tay-stunna/?full-audit=1,Tay Stunna Concerts & Tour Dates | The Kingdom Circuit,"Find upcoming Tay Stunna Christian hip-hop concerts, tour dates, festivals, and verified official show links.",https://kingdomcircuit.com/artists/tay-stunna/,"index,follow",Tay Stunna,85,16,False,True,
https://kingdomcircuit.com/artists/tds-cam/,artist,200,https://kingdomcircuit.com/artists/tds-cam/?full-audit=1,Tds Cam Concerts & Tour Dates | The Kingdom Circuit,"Find upcoming Tds Cam Christian hip-hop concerts, tour dates, festivals, and verified official show links.",https://kingdomcircuit.com/artists/tds-cam/,"index,follow",Tds Cam,85,16,False,True,
https://kingdomcircuit.com/artists/tedashii/,artist,200,https://kingdomcircuit.com/artists/tedashii/?full-audit=1,Tedashii Concerts & Tour Dates | The Kingdom Circuit,"Find upcoming Tedashii Christian hip-hop concerts, tour dates, festivals, and verified official show links.",https://kingdomcircuit.com/artists/tedashii/,"index,follow",Tedashii,81,16,False,True,
https://kingdomcircuit.com/artists/the-weathrman/,artist,200,https://kingdomcircuit.com/artists/the-weathrman/?full-audit=1,The Weathrman Concerts & Tour Dates | The Kingdom Circuit,"Find upcoming The Weathrman Christian hip-hop concerts, tour dates, festivals, and verified official show links.",https://kingdomcircuit.com/artists/the-weathrman/,"index,follow",The Weathrman,85,16,False,True,
https://kingdomcircuit.com/artists/thi-sl/,artist,200,https://kingdomcircuit.com/artists/thi-sl/?full-audit=1,Thi'sl Concerts & Tour Dates | The Kingdom Circuit,"Find upcoming Thi'sl Christian hip-hop concerts, tour dates, festivals, and verified official show links.",https://kingdomcircuit.com/artists/thi-sl/,"index,follow",Thi'sl,81,16,False,True,
https://kingdomcircuit.com/artists/timothy-brindle/,artist,200,https://kingdomcircuit.com/artists/timothy-brindle/?full-audit=1,Timothy Brindle Concerts & Tour Dates | The Kingdom Circuit,"Find upcoming Timothy Brindle Christian hip-hop concerts, tour dates, festivals, and verified official show links.",https://kingdomcircuit.com/artists/timothy-brindle/,"index,follow",Timothy Brindle,85,16,False,True,
https://kingdomcircuit.com/artists/tj-carroll/,artist,200,https://kingdomcircuit.com/artists/tj-carroll/?full-audit=1,TJ Carroll Concerts & Tour Dates | The Kingdom Circuit,"Find upcoming TJ Carroll Christian hip-hop concerts, tour dates, festivals, and verified official show links.",https://kingdomcircuit.com/artists/tj-carroll/,"index,follow",TJ Carroll,86,16,False,True,
https://kingdomcircuit.com/artists/tommy-chapa/,artist,200,https://kingdomcircuit.com/artists/tommy-chapa/?full-audit=1,Tommy Chapa Concerts & Tour Dates | The Kingdom Circuit,"Find upcoming Tommy Chapa Christian hip-hop concerts, tour dates, festivals, and verified official show links.",https://kingdomcircuit.com/artists/tommy-chapa/,"index,follow",Tommy Chapa,126,26,False,True,
https://kingdomcircuit.com/artists/tommy-royale/,artist,200,https://kingdomcircuit.com/artists/tommy-royale/?full-audit=1,Tommy Royale Concerts & Tour Dates | The Kingdom Circuit,"Find upcoming Tommy Royale Christian hip-hop concerts, tour dates, festivals, and verified official show links.",https://kingdomcircuit.com/artists/tommy-royale/,"index,follow",Tommy Royale,85,16,False,True,
https://kingdomcircuit.com/artists/tommy-zuko/,artist,200,https://kingdomcircuit.com/artists/tommy-zuko/?full-audit=1,Tommy Zuko Concerts & Tour Dates | The Kingdom Circuit,"Find upcoming Tommy Zuko Christian hip-hop concerts, tour dates, festivals, and verified official show links.",https://kingdomcircuit.com/artists/tommy-zuko/,"index,follow",Tommy Zuko,85,16,False,True,
https://kingdomcircuit.com/artists/tony-tillman/,artist,200,https://kingdomcircuit.com/artists/tony-tillman/?full-audit=1,Tony Tillman Concerts & Tour Dates | The Kingdom Circuit,"Find upcoming Tony Tillman Christian hip-hop concerts, tour dates, festivals, and verified official show links.",https://kingdomcircuit.com/artists/tony-tillman/,"index,follow",Tony Tillman,85,16,False,True,
https://kingdomcircuit.com/artists/torey-d-shaun/,artist,200,https://kingdomcircuit.com/artists/torey-d-shaun/?full-audit=1,Torey D'Shaun Concerts & Tour Dates | The Kingdom Circuit,"Find upcoming Torey D'Shaun Christian hip-hop concerts, tour dates, festivals, and verified official show links.",https://kingdomcircuit.com/artists/torey-d-shaun/,"index,follow",Torey D'Shaun,85,16,False,True,
https://kingdomcircuit.com/artists/toschii/,artist,200,https://kingdomcircuit.com/artists/toschii/?full-audit=1,Toschii Concerts & Tour Dates | The Kingdom Circuit,"Find upcoming Toschii Christian hip-hop concerts, tour dates, festivals, and verified official show links.",https://kingdomcircuit.com/artists/toschii/,"index,follow",Toschii,81,16,False,True,
https://kingdomcircuit.com/artists/trendsetter-sense/,artist,200,https://kingdomcircuit.com/artists/trendsetter-sense/?full-audit=1,Trendsetter Sense Concerts & Tour Dates | The Kingdom Circuit,"Find upcoming Trendsetter Sense Christian hip-hop concerts, tour dates, festivals, and verified official show links.",https://kingdomcircuit.com/artists/trendsetter-sense/,"index,follow",Trendsetter Sense,85,16,False,True,
https://kingdomcircuit.com/artists/trip-lee/,artist,200,https://kingdomcircuit.com/artists/trip-lee/?full-audit=1,Trip Lee Concerts & Tour Dates | The Kingdom Circuit,"Find upcoming Trip Lee Christian hip-hop concerts, tour dates, festivals, and verified official show links.",https://kingdomcircuit.com/artists/trip-lee/,"index,follow",Trip Lee,108,19,False,True,
https://kingdomcircuit.com/artists/triple-o/,artist,200,https://kingdomcircuit.com/artists/triple-o/?full-audit=1,Triple O Concerts & Tour Dates | The Kingdom Circuit,"Find upcoming Triple O Christian hip-hop concerts, tour dates, festivals, and verified official show links.",https://kingdomcircuit.com/artists/triple-o/,"index,follow",Triple O,85,16,False,True,
https://kingdomcircuit.com/artists/tukool-tiff/,artist,200,https://kingdomcircuit.com/artists/tukool-tiff/?full-audit=1,Tukool Tiff Concerts & Tour Dates | The Kingdom Circuit,"Find upcoming Tukool Tiff Christian hip-hop concerts, tour dates, festivals, and verified official show links.",https://kingdomcircuit.com/artists/tukool-tiff/,"index,follow",Tukool Tiff,85,16,False,True,
https://kingdomcircuit.com/artists/ty-brasel/,artist,200,https://kingdomcircuit.com/artists/ty-brasel/?full-audit=1,Ty Brasel Concerts & Tour Dates | The Kingdom Circuit,"Find upcoming Ty Brasel Christian hip-hop concerts, tour dates, festivals, and verified official show links.",https://kingdomcircuit.com/artists/ty-brasel/,"index,follow",Ty Brasel,85,16,False,True,
https://kingdomcircuit.com/artists/tylerhateslife/,artist,200,https://kingdomcircuit.com/artists/tylerhateslife/?full-audit=1,tylerhateslife Concerts & Tour Dates | The Kingdom Circuit,"Find upcoming tylerhateslife Christian hip-hop concerts, tour dates, festivals, and verified official show links.",https://kingdomcircuit.com/artists/tylerhateslife/,"index,follow",tylerhateslife,81,16,False,True,
https://kingdomcircuit.com/artists/tylynn/,artist,200,https://kingdomcircuit.com/artists/tylynn/?full-audit=1,Tylynn Concerts & Tour Dates | The Kingdom Circuit,"Find upcoming Tylynn Christian hip-hop concerts, tour dates, festivals, and verified official show links.",https://kingdomcircuit.com/artists/tylynn/,"index,follow",Tylynn,81,16,False,True,
https://kingdomcircuit.com/artists/untidld/,artist,200,https://kingdomcircuit.com/artists/untidld/?full-audit=1,Untidld Concerts & Tour Dates | The Kingdom Circuit,"Find upcoming Untidld Christian hip-hop concerts, tour dates, festivals, and verified official show links.",https://kingdomcircuit.com/artists/untidld/,"index,follow",Untidld,81,16,False,True,
https://kingdomcircuit.com/artists/v-rose/,artist,200,https://kingdomcircuit.com/artists/v-rose/?full-audit=1,V. Rose Concerts & Tour Dates | The Kingdom Circuit,"Find upcoming V. Rose Christian hip-hop concerts, tour dates, festivals, and verified official show links.",https://kingdomcircuit.com/artists/v-rose/,"index,follow",V. Rose,85,16,False,True,
https://kingdomcircuit.com/artists/vic-lucas/,artist,200,https://kingdomcircuit.com/artists/vic-lucas/?full-audit=1,Vic Lucas Concerts & Tour Dates | The Kingdom Circuit,"Find upcoming Vic Lucas Christian hip-hop concerts, tour dates, festivals, and verified official show links.",https://kingdomcircuit.com/artists/vic-lucas/,"index,follow",Vic Lucas,85,16,False,True,
https://kingdomcircuit.com/artists/whatuprg/,artist,200,https://kingdomcircuit.com/artists/whatuprg/?full-audit=1,WHATUPRG Concerts & Tour Dates | The Kingdom Circuit,"Find upcoming WHATUPRG Christian hip-hop concerts, tour dates, festivals, and verified official show links.",https://kingdomcircuit.com/artists/whatuprg/,"index,follow",WHATUPRG,81,16,False,True,
https://kingdomcircuit.com/artists/whereisdavinci/,artist,200,https://kingdomcircuit.com/artists/whereisdavinci/?full-audit=1,WHEREISDAVINCI Concerts & Tour Dates | The Kingdom Circuit,"Find upcoming WHEREISDAVINCI Christian hip-hop concerts, tour dates, festivals, and verified official show links.",https://kingdomcircuit.com/artists/whereisdavinci/,"index,follow",WHEREISDAVINCI,81,16,False,True,
https://kingdomcircuit.com/artists/will-kellum/,artist,200,https://kingdomcircuit.com/artists/will-kellum/?full-audit=1,Will Kellum Concerts & Tour Dates | The Kingdom Circuit,"Find upcoming Will Kellum Christian hip-hop concerts, tour dates, festivals, and verified official show links.",https://kingdomcircuit.com/artists/will-kellum/,"index,follow",Will Kellum,85,16,False,True,
https://kingdomcircuit.com/artists/wordsplayed/,artist,200,https://kingdomcircuit.com/artists/wordsplayed/?full-audit=1,Wordsplayed Concerts & Tour Dates | The Kingdom Circuit,"Find upcoming Wordsplayed Christian hip-hop concerts, tour dates, festivals, and verified official show links.",https://kingdomcircuit.com/artists/wordsplayed/,"index,follow",Wordsplayed,81,16,False,True,
https://kingdomcircuit.com/artists/xay-hill/,artist,200,https://kingdomcircuit.com/artists/xay-hill/?full-audit=1,Xay Hill Concerts & Tour Dates | The Kingdom Circuit,"Find upcoming Xay Hill Christian hip-hop concerts, tour dates, festivals, and verified official show links.",https://kingdomcircuit.com/artists/xay-hill/,"index,follow",Xay Hill,85,16,False,True,
https://kingdomcircuit.com/artists/y-shadey/,artist,200,https://kingdomcircuit.com/artists/y-shadey/?full-audit=1,Y Shadey Concerts & Tour Dates | The Kingdom Circuit,"Find upcoming Y Shadey Christian hip-hop concerts, tour dates, festivals, and verified official show links.",https://kingdomcircuit.com/artists/y-shadey/,"index,follow",Y Shadey,85,16,False,True,
https://kingdomcircuit.com/artists/yakithekid/,artist,200,https://kingdomcircuit.com/artists/yakithekid/?full-audit=1,YakiTheKid Concerts & Tour Dates | The Kingdom Circuit,"Find upcoming YakiTheKid Christian hip-hop concerts, tour dates, festivals, and verified official show links.",https://kingdomcircuit.com/artists/yakithekid/,"index,follow",YakiTheKid,81,16,False,True,
https://kingdomcircuit.com/artists/young-bro/,artist,200,https://kingdomcircuit.com/artists/young-bro/?full-audit=1,Young Bro Concerts & Tour Dates | The Kingdom Circuit,"Find upcoming Young Bro Christian hip-hop concerts, tour dates, festivals, and verified official show links.",https://kingdomcircuit.com/artists/young-bro/,"index,follow",Young Bro,85,16,False,True,
https://kingdomcircuit.com/artists/yp-aka-young-paul/,artist,200,https://kingdomcircuit.com/artists/yp-aka-young-paul/?full-audit=1,YP aka Young Paul Concerts & Tour Dates | The Kingdom Circuit,"Find upcoming YP aka Young Paul Christian hip-hop concerts, tour dates, festivals, and verified official show links.",https://kingdomcircuit.com/artists/yp-aka-young-paul/,"index,follow",YP aka Young Paul,93,16,False,True,
https://kingdomcircuit.com/artists/yumiya/,artist,200,https://kingdomcircuit.com/artists/yumiya/?full-audit=1,yumiya! Concerts & Tour Dates | The Kingdom Circuit,"Find upcoming yumiya! Christian hip-hop concerts, tour dates, festivals, and verified official show links.",https://kingdomcircuit.com/artists/yumiya/,"index,follow",yumiya!,81,16,False,True,
https://kingdomcircuit.com/artists/yung-kriss/,artist,200,https://kingdomcircuit.com/artists/yung-kriss/?full-audit=1,Yung Kriss Concerts & Tour Dates | The Kingdom Circuit,"Find upcoming Yung Kriss Christian hip-hop concerts, tour dates, festivals, and verified official show links.",https://kingdomcircuit.com/artists/yung-kriss/,"index,follow",Yung Kriss,86,16,False,True,
https://kingdomcircuit.com/artists/zauntee/,artist,200,https://kingdomcircuit.com/artists/zauntee/?full-audit=1,Zauntee Concerts & Tour Dates | The Kingdom Circuit,"Find upcoming Zauntee Christian hip-hop concerts, tour dates, festivals, and verified official show links.",https://kingdomcircuit.com/artists/zauntee/,"index,follow",Zauntee,484,68,False,True,
https://kingdomcircuit.com/artists/zee/,artist,200,https://kingdomcircuit.com/artists/zee/?full-audit=1,ZEE Concerts & Tour Dates | The Kingdom Circuit,"Find upcoming ZEE Christian hip-hop concerts, tour dates, festivals, and verified official show links.",https://kingdomcircuit.com/artists/zee/,"index,follow",ZEE,81,16,False,True,
https://kingdomcircuit.com/event/1k-phew-live-at-fastivalle-2026-2026-09-26-indianapolis-d60ea0/,event,200,https://kingdomcircuit.com/event/1k-phew-live-at-fastivalle-2026-2026-09-26-indianapolis-d60ea0/?full-audit=1,"1K Phew — Live at Fastivalle 2026 - Indianapolis, IN | The Kingdom Circuit","1K Phew live in Indianapolis, IN on Sat, Sep 26, 2026. Verified official show details.",https://kingdomcircuit.com/event/1k-phew-live-at-fastivalle-2026-2026-09-26-indianapolis-d60ea0/,"index,follow",1K Phew — Live at Fastivalle 2026,111,18,True,True,
https://kingdomcircuit.com/event/1k-phew-live-at-mt-zion-baptist-church-2026-08-23-whites-creek-ca0d10/,event,200,https://kingdomcircuit.com/event/1k-phew-live-at-mt-zion-baptist-church-2026-08-23-whites-creek-ca0d10/?full-audit=1,"1K Phew — Live at Mt. Zion Baptist Church - Whites Creek, TN | The Kingdom Circuit","1K Phew live in Whites Creek, TN on Sun, Aug 23, 2026. Verified official show details.",https://kingdomcircuit.com/event/1k-phew-live-at-mt-zion-baptist-church-2026-08-23-whites-creek-ca0d10/,"index,follow",1K Phew — Live at Mt. Zion Baptist Church,121,18,True,True,
https://kingdomcircuit.com/event/1k-phew-live-at-oceanside-pier-amphitheater-2026-10-03-oceanside-361a34/,event,200,https://kingdomcircuit.com/event/1k-phew-live-at-oceanside-pier-amphitheater-2026-10-03-oceanside-361a34/?full-audit=1,"1K Phew — Live at Oceanside Pier Amphitheater - Oceanside, CA | The Kingdom Circuit","1K Phew live in Oceanside, CA on Sat, Oct 3, 2026. Verified official show details.",https://kingdomcircuit.com/event/1k-phew-live-at-oceanside-pier-amphitheater-2026-10-03-oceanside-361a34/,"index,follow",1K Phew — Live at Oceanside Pier Amphitheater,115,18,True,True,
https://kingdomcircuit.com/event/1k-phew-live-at-space-city-church-2026-08-22-south-houston-8cc362/,event,200,https://kingdomcircuit.com/event/1k-phew-live-at-space-city-church-2026-08-22-south-houston-8cc362/?full-audit=1,"1K Phew — Live at Space City Church - South Houston, TX | The Kingdom Circuit","1K Phew live in South Houston, TX on Sat, Aug 22, 2026. Verified official show details.",https://kingdomcircuit.com/event/1k-phew-live-at-space-city-church-2026-08-22-south-houston-8cc362/,"index,follow",1K Phew — Live at Space City Church,117,18,True,True,
https://kingdomcircuit.com/event/anike-live-at-queens-theatre-2026-09-19-corona-4f9ae8/,event,200,https://kingdomcircuit.com/event/anike-live-at-queens-theatre-2026-09-19-corona-4f9ae8/?full-audit=1,"Anike — Live at Queens Theatre - Corona, NY | The Kingdom Circuit","Anike live in Corona, NY on Sat, Sep 19, 2026. Verified official show details.",https://kingdomcircuit.com/event/anike-live-at-queens-theatre-2026-09-19-corona-4f9ae8/,"index,follow",Anike — Live at Queens Theatre,107,18,True,True,
https://kingdomcircuit.com/event/anike-live-at-southwest-trail-riders-association-property-2026-10-09-houston-4b3259/,event,200,https://kingdomcircuit.com/event/anike-live-at-southwest-trail-riders-association-property-2026-10-09-houston-4b3259/?full-audit=1,"Anike — Live at Southwest Trail Riders Association Property - Houston, TX | The Kingdom Circuit","Anike live in Houston, TX on Fri, Oct 9, 2026. Verified official show details.",https://kingdomcircuit.com/event/anike-live-at-southwest-trail-riders-association-property-2026-10-09-houston-4b3259/,"index,follow",Anike — Live at Southwest Trail Riders Association Property,118,18,True,True,
https://kingdomcircuit.com/event/anike-live-at-the-all-star-experience-live-concert-2026-10-11-austin-b52a11/,event,200,https://kingdomcircuit.com/event/anike-live-at-the-all-star-experience-live-concert-2026-10-11-austin-b52a11/?full-audit=1,"Anike — Live at THE ALL STAR EXPERIENCE LIVE CONCERT - Austin, TX | The Kingdom Circuit","Anike live in Austin, TX on Sun, Oct 11, 2026. Verified official show details.",https://kingdomcircuit.com/event/anike-live-at-the-all-star-experience-live-concert-2026-10-11-austin-b52a11/,"index,follow",Anike — Live at THE ALL STAR EXPERIENCE LIVE CONCERT,122,18,True,True,
https://kingdomcircuit.com/event/beyond-the-walls-3-2026-11-07-cleveland-3fa023/,event,200,https://kingdomcircuit.com/event/beyond-the-walls-3-2026-11-07-cleveland-3fa023/?full-audit=1,"Beyond The Walls 3 - Cleveland, OH | The Kingdom Circuit","KB, Porsha Love live in Cleveland, OH on Sat, Nov 7, 2026 - 7:30 PM. Verified official show details.",https://kingdomcircuit.com/event/beyond-the-walls-3-2026-11-07-cleveland-3fa023/,"index,follow",Beyond The Walls 3,112,19,True,True,
https://kingdomcircuit.com/event/caleb-gordon-the-eden-experience-2026-08-18-fair-oaks-c83027/,event,200,https://kingdomcircuit.com/event/caleb-gordon-the-eden-experience-2026-08-18-fair-oaks-c83027/?full-audit=1,"Caleb Gordon — The Eden Experience - Fair Oaks, CA | The Kingdom Circuit","Caleb Gordon live in Fair Oaks, CA on Tue, Aug 18, 2026 - 7:00 PM. Verified official show details.",https://kingdomcircuit.com/event/caleb-gordon-the-eden-experience-2026-08-18-fair-oaks-c83027/,"index,follow",Caleb Gordon — The Eden Experience,115,18,True,True,
https://kingdomcircuit.com/event/caleb-gordon-the-eden-experience-2026-08-18-fair-oaks-sacramento-a60791/,event,200,https://kingdomcircuit.com/event/caleb-gordon-the-eden-experience-2026-08-18-fair-oaks-sacramento-a60791/?full-audit=1,"Caleb Gordon - The Eden Experience - Fair Oaks (Sacramento), CA | The Kingdom Circuit","Caleb Gordon live in Fair Oaks (Sacramento), CA on Tue, Aug 18, 2026 - 7:00 PM. Verified official show details.",https://kingdomcircuit.com/event/caleb-gordon-the-eden-experience-2026-08-18-fair-oaks-sacramento-a60791/,"index,follow",Caleb Gordon - The Eden Experience,118,18,True,True,
https://kingdomcircuit.com/event/caleb-gordon-the-eden-experience-2026-09-18-southlake-dallas-8f1eb8/,event,200,https://kingdomcircuit.com/event/caleb-gordon-the-eden-experience-2026-09-18-southlake-dallas-8f1eb8/?full-audit=1,"Caleb Gordon - The Eden Experience - Southlake (Dallas), TX | The Kingdom Circuit","Caleb Gordon live in Southlake (Dallas), TX on Fri, Sep 18, 2026 - 7:00 PM. Verified official show details.",https://kingdomcircuit.com/event/caleb-gordon-the-eden-experience-2026-09-18-southlake-dallas-8f1eb8/,"index,follow",Caleb Gordon - The Eden Experience,116,18,True,True,
https://kingdomcircuit.com/event/caleb-gordon-the-eden-experience-2026-09-18-southlake-f04cff/,event,200,https://kingdomcircuit.com/event/caleb-gordon-the-eden-experience-2026-09-18-southlake-f04cff/?full-audit=1,"Caleb Gordon — The Eden Experience - Southlake, TX | The Kingdom Circuit","Caleb Gordon live in Southlake, TX on Fri, Sep 18, 2026 - 7:00 PM. Verified official show details.",https://kingdomcircuit.com/event/caleb-gordon-the-eden-experience-2026-09-18-southlake-f04cff/,"index,follow",Caleb Gordon — The Eden Experience,113,18,True,True,
https://kingdomcircuit.com/event/caleb-gordon-the-eden-experience-2026-09-20-san-antonio-54bf7e/,event,200,https://kingdomcircuit.com/event/caleb-gordon-the-eden-experience-2026-09-20-san-antonio-54bf7e/?full-audit=1,"Caleb Gordon — The Eden Experience - San Antonio, TX | The Kingdom Circuit","Caleb Gordon live in San Antonio, TX on Sun, Sep 20, 2026 - 7:00 PM. Verified official show details.",https://kingdomcircuit.com/event/caleb-gordon-the-eden-experience-2026-09-20-san-antonio-54bf7e/,"index,follow",Caleb Gordon — The Eden Experience,115,18,True,True,
https://kingdomcircuit.com/event/caleb-gordon-the-eden-experience-2026-09-22-leander-19d1d1/,event,200,https://kingdomcircuit.com/event/caleb-gordon-the-eden-experience-2026-09-22-leander-19d1d1/?full-audit=1,"Caleb Gordon — The Eden Experience - Leander, TX | The Kingdom Circuit","Caleb Gordon live in Leander, TX on Tue, Sep 22, 2026 - 7:00 PM. Verified official show details.",https://kingdomcircuit.com/event/caleb-gordon-the-eden-experience-2026-09-22-leander-19d1d1/,"index,follow",Caleb Gordon — The Eden Experience,112,18,True,True,
https://kingdomcircuit.com/event/caleb-gordon-the-eden-experience-2026-09-22-leander-austin-eb1c81/,event,200,https://kingdomcircuit.com/event/caleb-gordon-the-eden-experience-2026-09-22-leander-austin-eb1c81/?full-audit=1,"Caleb Gordon - The Eden Experience - Leander (Austin), TX | The Kingdom Circuit","Caleb Gordon live in Leander (Austin), TX on Tue, Sep 22, 2026 - 7:00 PM. Verified official show details.",https://kingdomcircuit.com/event/caleb-gordon-the-eden-experience-2026-09-22-leander-austin-eb1c81/,"index,follow",Caleb Gordon - The Eden Experience,116,18,True,True,
https://kingdomcircuit.com/event/caleb-gordon-the-eden-experience-2026-09-24-richmond-025ae1/,event,200,https://kingdomcircuit.com/event/caleb-gordon-the-eden-experience-2026-09-24-richmond-025ae1/?full-audit=1,"Caleb Gordon — The Eden Experience - Richmond, TX | The Kingdom Circuit","Caleb Gordon live in Richmond, TX on Thu, Sep 24, 2026 - 7:00 PM. Verified official show details.",https://kingdomcircuit.com/event/caleb-gordon-the-eden-experience-2026-09-24-richmond-025ae1/,"index,follow",Caleb Gordon — The Eden Experience,113,18,True,True,
https://kingdomcircuit.com/event/caleb-gordon-the-eden-experience-2026-09-24-richmond-houston-272724/,event,200,https://kingdomcircuit.com/event/caleb-gordon-the-eden-experience-2026-09-24-richmond-houston-272724/?full-audit=1,"Caleb Gordon - The Eden Experience - Richmond (Houston), TX | The Kingdom Circuit","Caleb Gordon live in Richmond (Houston), TX on Thu, Sep 24, 2026 - 7:00 PM. Verified official show details.",https://kingdomcircuit.com/event/caleb-gordon-the-eden-experience-2026-09-24-richmond-houston-272724/,"index,follow",Caleb Gordon - The Eden Experience,116,18,True,True,
https://kingdomcircuit.com/event/caleb-gordon-the-eden-experience-2026-09-26-orlando-871a66/,event,200,https://kingdomcircuit.com/event/caleb-gordon-the-eden-experience-2026-09-26-orlando-871a66/?full-audit=1,"Caleb Gordon — The Eden Experience - Orlando, FL | The Kingdom Circuit","Caleb Gordon live in Orlando, FL on Sat, Sep 26, 2026 - 7:00 PM. Verified official show details.",https://kingdomcircuit.com/event/caleb-gordon-the-eden-experience-2026-09-26-orlando-871a66/,"index,follow",Caleb Gordon — The Eden Experience,114,18,True,True,
https://kingdomcircuit.com/event/celebrate-minnesota-tobymac-and-kb-2026-09-19-waite-park-dd6a9a/,event,200,https://kingdomcircuit.com/event/celebrate-minnesota-tobymac-and-kb-2026-09-19-waite-park-dd6a9a/?full-audit=1,"Celebrate Minnesota - TOBYMAC & KB - Waite Park, MN | The Kingdom Circuit","KB, TobyMac live in Waite Park, MN on Sat, Sep 19, 2026 - 6:00 PM. Verified official show details.",https://kingdomcircuit.com/event/celebrate-minnesota-tobymac-and-kb-2026-09-19-waite-park-dd6a9a/,"index,follow",Celebrate Minnesota - TOBYMAC & KB,108,19,True,True,
https://kingdomcircuit.com/event/egr-live-bakersfield-2026-08-21-bakersfield-9f05f5/,event,200,https://kingdomcircuit.com/event/egr-live-bakersfield-2026-08-21-bakersfield-9f05f5/?full-audit=1,"EGR Live — Bakersfield - Bakersfield, CA | The Kingdom Circuit","EGR live in Bakersfield, CA on Fri, Aug 21, 2026. Verified official show details.",https://kingdomcircuit.com/event/egr-live-bakersfield-2026-08-21-bakersfield-9f05f5/,"index,follow",EGR Live — Bakersfield,103,18,True,True,
https://kingdomcircuit.com/event/egr-live-big-bear-lake-2026-12-05-big-bear-lake-520bfa/,event,200,https://kingdomcircuit.com/event/egr-live-big-bear-lake-2026-12-05-big-bear-lake-520bfa/?full-audit=1,"EGR Live — Big Bear Lake - Big Bear Lake, CA | The Kingdom Circuit","EGR live in Big Bear Lake, CA on Sat, Dec 5, 2026. Verified official show details.",https://kingdomcircuit.com/event/egr-live-big-bear-lake-2026-12-05-big-bear-lake-520bfa/,"index,follow",EGR Live — Big Bear Lake,112,18,True,True,
https://kingdomcircuit.com/event/egr-live-bradley-2026-11-21-bradley-4cae36/,event,200,https://kingdomcircuit.com/event/egr-live-bradley-2026-11-21-bradley-4cae36/?full-audit=1,"EGR Live — Bradley - Bradley, CA | The Kingdom Circuit","EGR live in Bradley, CA on Sat, Nov 21, 2026. Verified official show details.",https://kingdomcircuit.com/event/egr-live-bradley-2026-11-21-bradley-4cae36/,"index,follow",EGR Live — Bradley,102,18,True,True,
https://kingdomcircuit.com/event/egr-live-carson-2026-09-18-carson-217b8a/,event,200,https://kingdomcircuit.com/event/egr-live-carson-2026-09-18-carson-217b8a/?full-audit=1,"EGR Live — Carson - Carson, CA | The Kingdom Circuit","EGR live in Carson, CA on Fri, Sep 18, 2026. Verified official show details.",https://kingdomcircuit.com/event/egr-live-carson-2026-09-18-carson-217b8a/,"index,follow",EGR Live — Carson,101,18,True,True,
https://kingdomcircuit.com/event/egr-live-chandler-2026-10-03-chandler-3f4bba/,event,200,https://kingdomcircuit.com/event/egr-live-chandler-2026-10-03-chandler-3f4bba/?full-audit=1,"EGR Live — Chandler - Chandler, AZ | The Kingdom Circuit","EGR live in Chandler, AZ on Sat, Oct 3, 2026. Verified official show details.",https://kingdomcircuit.com/event/egr-live-chandler-2026-10-03-chandler-3f4bba/,"index,follow",EGR Live — Chandler,102,18,True,True,
https://kingdomcircuit.com/event/egr-live-corpus-christi-2026-09-12-corpus-christi-7bd370/,event,200,https://kingdomcircuit.com/event/egr-live-corpus-christi-2026-09-12-corpus-christi-7bd370/?full-audit=1,"EGR Live — Corpus Christi - Corpus Christi, TX | The Kingdom Circuit","EGR live in Corpus Christi, TX on Sat, Sep 12, 2026. Verified official show details.",https://kingdomcircuit.com/event/egr-live-corpus-christi-2026-09-12-corpus-christi-7bd370/,"index,follow",EGR Live — Corpus Christi,107,18,True,True,
https://kingdomcircuit.com/event/egr-live-fargo-2026-12-11-fargo-307091/,event,200,https://kingdomcircuit.com/event/egr-live-fargo-2026-12-11-fargo-307091/?full-audit=1,"EGR Live — Fargo - Fargo, ND | The Kingdom Circuit","EGR live in Fargo, ND on Fri, Dec 11, 2026. Verified official show details.",https://kingdomcircuit.com/event/egr-live-fargo-2026-12-11-fargo-307091/,"index,follow",EGR Live — Fargo,104,18,True,True,
https://kingdomcircuit.com/event/egr-live-forest-falls-2026-08-28-forest-falls-8bc535/,event,200,https://kingdomcircuit.com/event/egr-live-forest-falls-2026-08-28-forest-falls-8bc535/?full-audit=1,"EGR Live — Forest Falls - Forest Falls, CA | The Kingdom Circuit","EGR live in Forest Falls, CA on Fri, Aug 28, 2026. Verified official show details.",https://kingdomcircuit.com/event/egr-live-forest-falls-2026-08-28-forest-falls-8bc535/,"index,follow",EGR Live — Forest Falls,108,18,True,True,
https://kingdomcircuit.com/event/egr-live-fresno-2026-08-22-fresno-d107a1/,event,200,https://kingdomcircuit.com/event/egr-live-fresno-2026-08-22-fresno-d107a1/?full-audit=1,"EGR Live — Fresno - Fresno, CA | The Kingdom Circuit","EGR live in Fresno, CA on Sat, Aug 22, 2026. Verified official show details.",https://kingdomcircuit.com/event/egr-live-fresno-2026-08-22-fresno-d107a1/,"index,follow",EGR Live — Fresno,103,18,True,True,
https://kingdomcircuit.com/event/egr-live-fresno-2026-10-16-fresno-a4e15b/,event,200,https://kingdomcircuit.com/event/egr-live-fresno-2026-10-16-fresno-a4e15b/?full-audit=1,"EGR Live — Fresno - Fresno, CA | The Kingdom Circuit","EGR live in Fresno, CA on Fri, Oct 16, 2026. Verified official show details.",https://kingdomcircuit.com/event/egr-live-fresno-2026-10-16-fresno-a4e15b/,"index,follow",EGR Live — Fresno,102,18,True,True,
https://kingdomcircuit.com/event/egr-live-jamestown-2026-12-12-jamestown-03d26e/,event,200,https://kingdomcircuit.com/event/egr-live-jamestown-2026-12-12-jamestown-03d26e/?full-audit=1,"EGR Live — Jamestown - Jamestown, ND | The Kingdom Circuit","EGR live in Jamestown, ND on Sat, Dec 12, 2026. Verified official show details.",https://kingdomcircuit.com/event/egr-live-jamestown-2026-12-12-jamestown-03d26e/,"index,follow",EGR Live — Jamestown,104,18,True,True,
https://kingdomcircuit.com/event/egr-live-manteca-2026-09-19-manteca-3678dd/,event,200,https://kingdomcircuit.com/event/egr-live-manteca-2026-09-19-manteca-3678dd/?full-audit=1,"EGR Live — Manteca - Manteca, CA | The Kingdom Circuit","EGR live in Manteca, CA on Sat, Sep 19, 2026. Verified official show details.",https://kingdomcircuit.com/event/egr-live-manteca-2026-09-19-manteca-3678dd/,"index,follow",EGR Live — Manteca,101,18,True,True,
https://kingdomcircuit.com/event/egr-live-nashville-2026-09-05-nashville-dd98ef/,event,200,https://kingdomcircuit.com/event/egr-live-nashville-2026-09-05-nashville-dd98ef/?full-audit=1,"EGR Live — Nashville - Nashville, TN | The Kingdom Circuit","EGR live in Nashville, TN on Sat, Sep 5, 2026. Verified official show details.",https://kingdomcircuit.com/event/egr-live-nashville-2026-09-05-nashville-dd98ef/,"index,follow",EGR Live — Nashville,101,18,True,True,
https://kingdomcircuit.com/event/egr-live-patterson-2026-10-31-patterson-3b3bfe/,event,200,https://kingdomcircuit.com/event/egr-live-patterson-2026-10-31-patterson-3b3bfe/?full-audit=1,"EGR Live — Patterson - Patterson, CA | The Kingdom Circuit","EGR live in Patterson, CA on Sat, Oct 31, 2026. Verified official show details.",https://kingdomcircuit.com/event/egr-live-patterson-2026-10-31-patterson-3b3bfe/,"index,follow",EGR Live — Patterson,102,18,True,True,
https://kingdomcircuit.com/event/egr-live-santa-ana-2026-08-29-santa-ana-eb6160/,event,200,https://kingdomcircuit.com/event/egr-live-santa-ana-2026-08-29-santa-ana-eb6160/?full-audit=1,"EGR Live — Santa Ana - Santa Ana, CA | The Kingdom Circuit","EGR live in Santa Ana, CA on Sat, Aug 29, 2026. Verified official show details.",https://kingdomcircuit.com/event/egr-live-santa-ana-2026-08-29-santa-ana-eb6160/,"index,follow",EGR Live — Santa Ana,106,18,True,True,
https://kingdomcircuit.com/event/egr-live-visalia-2026-10-10-visalia-d2e925/,event,200,https://kingdomcircuit.com/event/egr-live-visalia-2026-10-10-visalia-d2e925/?full-audit=1,"EGR Live — Visalia - Visalia, CA | The Kingdom Circuit","EGR live in Visalia, CA on Sat, Oct 10, 2026. Verified official show details.",https://kingdomcircuit.com/event/egr-live-visalia-2026-10-10-visalia-d2e925/,"index,follow",EGR Live — Visalia,103,18,True,True,
https://kingdomcircuit.com/event/egr-live-whittier-2026-09-26-whittier-137bc9/,event,200,https://kingdomcircuit.com/event/egr-live-whittier-2026-09-26-whittier-137bc9/?full-audit=1,"EGR Live — Whittier - Whittier, CA | The Kingdom Circuit","EGR live in Whittier, CA on Sat, Sep 26, 2026. Verified official show details.",https://kingdomcircuit.com/event/egr-live-whittier-2026-09-26-whittier-137bc9/,"index,follow",EGR Live — Whittier,102,18,True,True,
https://kingdomcircuit.com/event/faith-jam-2026-2026-09-26-sparta-4411b1/,event,200,https://kingdomcircuit.com/event/faith-jam-2026-2026-09-26-sparta-4411b1/?full-audit=1,"Faith Jam 2026 - Sparta, TN | The Kingdom Circuit","REDEEMED, J. Truth, ASAP Preach, Nicky Gracious, Steven Perez, B. Cody Shields live in Sparta, TN on Sat, Sep 26, 2026 - 11:00 AM. Verified official show details.",https://kingdomcircuit.com/event/faith-jam-2026-2026-09-26-sparta-4411b1/,"index,follow",Faith Jam 2026,117,23,True,True,
https://kingdomcircuit.com/event/god-bless-r-and-b-ii-kennis-clark-don-ready-and-friends-2026-09-02-atlanta-10ec00/,event,200,https://kingdomcircuit.com/event/god-bless-r-and-b-ii-kennis-clark-don-ready-and-friends-2026-09-02-atlanta-10ec00/?full-audit=1,"God Bless R&B II: Kennis Clark/Don Ready & Friends - Atlanta, GA | The Kingdom Circuit","Don Ready live in Atlanta, GA on Wed, Sep 2, 2026 - 8:00 PM. Verified official show details.",https://kingdomcircuit.com/event/god-bless-r-and-b-ii-kennis-clark-don-ready-and-friends-2026-09-02-atlanta-10ec00/,"index,follow",God Bless R&B II: Kennis Clark/Don Ready & Friends,122,18,True,True,
https://kingdomcircuit.com/event/hope-fest-2026-2026-08-22-daytona-beach-ac6572/,event,200,https://kingdomcircuit.com/event/hope-fest-2026-2026-08-22-daytona-beach-ac6572/?full-audit=1,"Hope Fest 2026 - Daytona Beach, FL | The Kingdom Circuit","ASAP Preach, Nicky Gracious, Brother Bo, Tommy Chapa, B. Cody Shields, Santana Rose, DJ Winn, BIG HOLY live in Daytona Beach, FL on Sat, Aug 22, 2026 - 3:00 PM. Verified official show details.",https://kingdomcircuit.com/event/hope-fest-2026-2026-08-22-daytona-beach-ac6572/,"index,follow",Hope Fest 2026,127,25,True,True,
https://kingdomcircuit.com/event/hulvey-16-and-over-with-parent-or-legal-guardian-2026-08-28-dallas-c3e133/,event,200,https://kingdomcircuit.com/event/hulvey-16-and-over-with-parent-or-legal-guardian-2026-08-28-dallas-c3e133/?full-audit=1,"Hulvey (16 and Over with Parent or Legal Guardian) - Dallas, TX | The Kingdom Circuit","Hulvey, indie tribe., Kijan Boone live in Dallas, TX on Fri, Aug 28, 2026 - 7:00 PM. Verified official show details.",https://kingdomcircuit.com/event/hulvey-16-and-over-with-parent-or-legal-guardian-2026-08-28-dallas-c3e133/,"index,follow",Hulvey (16 and Over with Parent or Legal Guardian),124,20,True,True,
https://kingdomcircuit.com/event/hulvey-2026-08-19-portland-e7bec0/,event,200,https://kingdomcircuit.com/event/hulvey-2026-08-19-portland-e7bec0/?full-audit=1,"Hulvey - Portland, OR | The Kingdom Circuit","Hulvey live in Portland, OR on Wed, Aug 19, 2026 - 7:00 PM. Verified official show details.",https://kingdomcircuit.com/event/hulvey-2026-08-19-portland-e7bec0/,"index,follow",Hulvey,96,18,True,True,
https://kingdomcircuit.com/event/hulvey-2026-08-22-los-angeles-45800d/,event,200,https://kingdomcircuit.com/event/hulvey-2026-08-22-los-angeles-45800d/?full-audit=1,"Hulvey - Los Angeles, CA | The Kingdom Circuit","Hulvey live in Los Angeles, CA on Sat, Aug 22, 2026 - 7:00 PM. Verified official show details.",https://kingdomcircuit.com/event/hulvey-2026-08-22-los-angeles-45800d/,"index,follow",Hulvey,99,18,True,True,
https://kingdomcircuit.com/event/hulvey-2026-09-03-orlando-742bc3/,event,200,https://kingdomcircuit.com/event/hulvey-2026-09-03-orlando-742bc3/?full-audit=1,"Hulvey - Orlando, FL | The Kingdom Circuit","Hulvey live in Orlando, FL on Thu, Sep 3, 2026 - 6:00 PM. Verified official show details.",https://kingdomcircuit.com/event/hulvey-2026-09-03-orlando-742bc3/,"index,follow",Hulvey,95,18,True,True,
https://kingdomcircuit.com/event/hulvey-2026-09-22-grand-rapids-b48ef2/,event,200,https://kingdomcircuit.com/event/hulvey-2026-09-22-grand-rapids-b48ef2/?full-audit=1,"Hulvey - Grand Rapids, MI | The Kingdom Circuit","Hulvey live in Grand Rapids, MI on Tue, Sep 22, 2026 - 7:00 PM. Verified official show details.",https://kingdomcircuit.com/event/hulvey-2026-09-22-grand-rapids-b48ef2/,"index,follow",Hulvey,97,18,True,True,
https://kingdomcircuit.com/event/hulvey-could-be-tonight-tour-2026-08-18-seattle-827602/,event,200,https://kingdomcircuit.com/event/hulvey-could-be-tonight-tour-2026-08-18-seattle-827602/?full-audit=1,"Hulvey - ""Could Be Tonight"" Tour - Seattle, WA | The Kingdom Circuit","Hulvey live in Seattle, WA on Tue, Aug 18, 2026 - 7:00 PM. Verified official show details.",https://kingdomcircuit.com/event/hulvey-could-be-tonight-tour-2026-08-18-seattle-827602/,"index,follow","Hulvey - ""Could Be Tonight"" Tour",107,18,True,True,
https://kingdomcircuit.com/event/hulvey-could-be-tonight-tour-2026-08-21-sacramento-15d987/,event,200,https://kingdomcircuit.com/event/hulvey-could-be-tonight-tour-2026-08-21-sacramento-15d987/?full-audit=1,"Hulvey - ""Could Be Tonight"" Tour - Sacramento, CA | The Kingdom Circuit","Hulvey, indie tribe., Kijan Boone live in Sacramento, CA on Fri, Aug 21, 2026 - 6:00 PM. Verified official show details.",https://kingdomcircuit.com/event/hulvey-could-be-tonight-tour-2026-08-21-sacramento-15d987/,"index,follow","Hulvey - ""Could Be Tonight"" Tour",112,20,True,True,
https://kingdomcircuit.com/event/hulvey-could-be-tonight-tour-2026-08-23-san-diego-d2d67e/,event,200,https://kingdomcircuit.com/event/hulvey-could-be-tonight-tour-2026-08-23-san-diego-d2d67e/?full-audit=1,"Hulvey 'Could Be Tonight' Tour - San Diego, CA | The Kingdom Circuit","Hulvey, Kijan Boone, indie tribe. live in San Diego, CA on Sun, Aug 23, 2026 - 6:00 PM. Verified official show details.",https://kingdomcircuit.com/event/hulvey-could-be-tonight-tour-2026-08-23-san-diego-d2d67e/,"index,follow",Hulvey 'Could Be Tonight' Tour,115,20,True,True,
https://kingdomcircuit.com/event/hulvey-could-be-tonight-tour-2026-08-24-phoenix-c3f6ef/,event,200,https://kingdomcircuit.com/event/hulvey-could-be-tonight-tour-2026-08-24-phoenix-c3f6ef/?full-audit=1,"Hulvey - ""Could Be Tonight"" Tour - Phoenix, AZ | The Kingdom Circuit","Hulvey, indie tribe., Kijan Boone live in Phoenix, AZ on Mon, Aug 24, 2026 - 7:00 PM. Verified official show details.",https://kingdomcircuit.com/event/hulvey-could-be-tonight-tour-2026-08-24-phoenix-c3f6ef/,"index,follow","Hulvey - ""Could Be Tonight"" Tour",112,20,True,True,
https://kingdomcircuit.com/event/hulvey-could-be-tonight-tour-2026-08-27-san-antonio-ce7e33/,event,200,https://kingdomcircuit.com/event/hulvey-could-be-tonight-tour-2026-08-27-san-antonio-ce7e33/?full-audit=1,"Hulvey - ""Could Be Tonight"" Tour - San Antonio, TX | The Kingdom Circuit","Hulvey, indie tribe., Kijan Boone live in San Antonio, TX on Thu, Aug 27, 2026 - 7:00 PM. Verified official show details.",https://kingdomcircuit.com/event/hulvey-could-be-tonight-tour-2026-08-27-san-antonio-ce7e33/,"index,follow","Hulvey - ""Could Be Tonight"" Tour",113,20,True,True,
https://kingdomcircuit.com/event/hulvey-could-be-tonight-tour-2026-08-29-houston-d0d339/,event,200,https://kingdomcircuit.com/event/hulvey-could-be-tonight-tour-2026-08-29-houston-d0d339/?full-audit=1,"Hulvey - ""Could Be Tonight"" Tour - Houston, TX | The Kingdom Circuit","Hulvey, indie tribe., Kijan Boone live in Houston, TX on Sat, Aug 29, 2026 - 6:00 PM. Verified official show details.",https://kingdomcircuit.com/event/hulvey-could-be-tonight-tour-2026-08-29-houston-d0d339/,"index,follow","Hulvey - ""Could Be Tonight"" Tour",113,20,True,True,
https://kingdomcircuit.com/event/hulvey-could-be-tonight-tour-2026-09-01-birmingham-5a6bb8/,event,200,https://kingdomcircuit.com/event/hulvey-could-be-tonight-tour-2026-09-01-birmingham-5a6bb8/?full-audit=1,"Hulvey - ""Could Be Tonight"" Tour - Birmingham, AL | The Kingdom Circuit","Hulvey, indie tribe., Kijan Boone live in Birmingham, AL on Tue, Sep 1, 2026 - 7:00 PM. Verified official show details.",https://kingdomcircuit.com/event/hulvey-could-be-tonight-tour-2026-09-01-birmingham-5a6bb8/,"index,follow","Hulvey - ""Could Be Tonight"" Tour",111,20,True,True,
https://kingdomcircuit.com/event/hulvey-could-be-tonight-tour-2026-09-06-charlotte-ce2b63/,event,200,https://kingdomcircuit.com/event/hulvey-could-be-tonight-tour-2026-09-06-charlotte-ce2b63/?full-audit=1,"Hulvey - ""Could Be Tonight"" Tour - Charlotte, NC | The Kingdom Circuit","Hulvey, indie tribe., Kijan Boone live in Charlotte, NC on Sun, Sep 6, 2026 - 7:00 PM. Verified official show details.",https://kingdomcircuit.com/event/hulvey-could-be-tonight-tour-2026-09-06-charlotte-ce2b63/,"index,follow","Hulvey - ""Could Be Tonight"" Tour",113,20,True,True,
https://kingdomcircuit.com/event/hulvey-could-be-tonight-tour-2026-09-08-silver-spring-b3001f/,event,200,https://kingdomcircuit.com/event/hulvey-could-be-tonight-tour-2026-09-08-silver-spring-b3001f/?full-audit=1,"Hulvey - Could Be Tonight Tour - Silver Spring, MD | The Kingdom Circuit","Hulvey, indie tribe., Kijan Boone live in Silver Spring, MD on Tue, Sep 8, 2026 - 7:00 PM. Verified official show details.",https://kingdomcircuit.com/event/hulvey-could-be-tonight-tour-2026-09-08-silver-spring-b3001f/,"index,follow",Hulvey - Could Be Tonight Tour,115,20,True,True,
https://kingdomcircuit.com/event/hulvey-could-be-tonight-tour-2026-09-13-new-york-e71f38/,event,200,https://kingdomcircuit.com/event/hulvey-could-be-tonight-tour-2026-09-13-new-york-e71f38/?full-audit=1,"Hulvey - ""Could Be Tonight"" Tour - New York, NY | The Kingdom Circuit","Hulvey, indie tribe., Kijan Boone live in New York, NY on Sun, Sep 13, 2026 - 6:00 PM. Verified official show details.",https://kingdomcircuit.com/event/hulvey-could-be-tonight-tour-2026-09-13-new-york-e71f38/,"index,follow","Hulvey - ""Could Be Tonight"" Tour",118,20,True,True,
https://kingdomcircuit.com/event/hulvey-could-be-tonight-tour-2026-09-15-boston-883545/,event,200,https://kingdomcircuit.com/event/hulvey-could-be-tonight-tour-2026-09-15-boston-883545/?full-audit=1,"Hulvey - ""Could Be Tonight"" Tour - Boston, MA | The Kingdom Circuit","Hulvey, indie tribe., Kijan Boone live in Boston, MA on Tue, Sep 15, 2026 - 7:00 PM. Verified official show details.",https://kingdomcircuit.com/event/hulvey-could-be-tonight-tour-2026-09-15-boston-883545/,"index,follow","Hulvey - ""Could Be Tonight"" Tour",112,20,True,True,
https://kingdomcircuit.com/event/hulvey-could-be-tonight-tour-2026-09-18-detroit-0bd71c/,event,200,https://kingdomcircuit.com/event/hulvey-could-be-tonight-tour-2026-09-18-detroit-0bd71c/?full-audit=1,"Hulvey - ""Could Be Tonight"" Tour - Detroit, MI | The Kingdom Circuit","Hulvey, indie tribe., Kijan Boone live in Detroit, MI on Fri, Sep 18, 2026 - 6:00 PM. Verified official show details.",https://kingdomcircuit.com/event/hulvey-could-be-tonight-tour-2026-09-18-detroit-0bd71c/,"index,follow","Hulvey - ""Could Be Tonight"" Tour",112,20,True,True,
https://kingdomcircuit.com/event/hulvey-could-be-tonight-tour-2026-09-19-chicago-96a450/,event,200,https://kingdomcircuit.com/event/hulvey-could-be-tonight-tour-2026-09-19-chicago-96a450/?full-audit=1,"Hulvey - ""Could Be Tonight"" Tour - Chicago, IL | The Kingdom Circuit","Hulvey, indie tribe., Kijan Boone live in Chicago, IL on Sat, Sep 19, 2026 - 6:00 PM. Verified official show details.",https://kingdomcircuit.com/event/hulvey-could-be-tonight-tour-2026-09-19-chicago-96a450/,"index,follow","Hulvey - ""Could Be Tonight"" Tour",113,20,True,True,
https://kingdomcircuit.com/event/hulvey-could-be-tonight-tour-2026-09-26-cincinnati-8f820f/,event,200,https://kingdomcircuit.com/event/hulvey-could-be-tonight-tour-2026-09-26-cincinnati-8f820f/?full-audit=1,"Hulvey - ""Could Be Tonight"" Tour - Cincinnati, OH | The Kingdom Circuit","Hulvey, indie tribe., Kijan Boone live in Cincinnati, OH on Sat, Sep 26, 2026 - 6:00 PM. Verified official show details.",https://kingdomcircuit.com/event/hulvey-could-be-tonight-tour-2026-09-26-cincinnati-8f820f/,"index,follow","Hulvey - ""Could Be Tonight"" Tour",110,20,True,True,
https://kingdomcircuit.com/event/hulvey-could-be-tonight-tour-2026-09-27-atlanta-48679c/,event,200,https://kingdomcircuit.com/event/hulvey-could-be-tonight-tour-2026-09-27-atlanta-48679c/?full-audit=1,"Hulvey - ""Could Be Tonight"" Tour - Atlanta, GA | The Kingdom Circuit","Hulvey, indie tribe., Kijan Boone live in Atlanta, GA on Sun, Sep 27, 2026 - 7:00 PM. Verified official show details.",https://kingdomcircuit.com/event/hulvey-could-be-tonight-tour-2026-09-27-atlanta-48679c/,"index,follow","Hulvey - ""Could Be Tonight"" Tour",110,20,True,True,
https://kingdomcircuit.com/event/hulvey-live-at-elevation-2026-09-22-grand-rapids-77e2ba/,event,200,https://kingdomcircuit.com/event/hulvey-live-at-elevation-2026-09-22-grand-rapids-77e2ba/?full-audit=1,"Hulvey — Live at Elevation - Grand Rapids, MI | The Kingdom Circuit","Hulvey live in Grand Rapids, MI on Tue, Sep 22, 2026. Verified official show details.",https://kingdomcircuit.com/event/hulvey-live-at-elevation-2026-09-22-grand-rapids-77e2ba/,"index,follow",Hulvey — Live at Elevation,105,18,True,True,
https://kingdomcircuit.com/event/hulvey-live-at-fillmore-silver-spring-2026-09-08-spring-valley-8b972b/,event,200,https://kingdomcircuit.com/event/hulvey-live-at-fillmore-silver-spring-2026-09-08-spring-valley-8b972b/?full-audit=1,"Hulvey — Live at Fillmore Silver Spring - Spring Valley, DC | The Kingdom Circuit","Hulvey live in Spring Valley, DC on Tue, Sep 8, 2026. Verified official show details.",https://kingdomcircuit.com/event/hulvey-live-at-fillmore-silver-spring-2026-09-08-spring-valley-8b972b/,"index,follow",Hulvey — Live at Fillmore Silver Spring,115,18,True,True,
https://kingdomcircuit.com/event/hulvey-live-at-first-ave-2026-09-20-minneapolis-31908f/,event,200,https://kingdomcircuit.com/event/hulvey-live-at-first-ave-2026-09-20-minneapolis-31908f/?full-audit=1,"Hulvey — Live at First Ave - Minneapolis, MN | The Kingdom Circuit","Hulvey live in Minneapolis, MN on Sun, Sep 20, 2026. Verified official show details.",https://kingdomcircuit.com/event/hulvey-live-at-first-ave-2026-09-20-minneapolis-31908f/,"index,follow",Hulvey — Live at First Ave,107,18,True,True,
https://kingdomcircuit.com/event/hulvey-live-at-five-2026-09-05-jacksonville-20c432/,event,200,https://kingdomcircuit.com/event/hulvey-live-at-five-2026-09-05-jacksonville-20c432/?full-audit=1,"Hulvey — Live at FIVE - Jacksonville, FL | The Kingdom Circuit","Hulvey live in Jacksonville, FL on Sat, Sep 5, 2026. Verified official show details.",https://kingdomcircuit.com/event/hulvey-live-at-five-2026-09-05-jacksonville-20c432/,"index,follow",Hulvey — Live at FIVE,103,18,True,True,
https://kingdomcircuit.com/event/hulvey-live-at-hifi-annex-2026-09-23-indianapolis-71c8fc/,event,200,https://kingdomcircuit.com/event/hulvey-live-at-hifi-annex-2026-09-23-indianapolis-71c8fc/?full-audit=1,"Hulvey — Live at Hifi Annex - Indianapolis, IN | The Kingdom Circuit","Hulvey live in Indianapolis, IN on Wed, Sep 23, 2026. Verified official show details.",https://kingdomcircuit.com/event/hulvey-live-at-hifi-annex-2026-09-23-indianapolis-71c8fc/,"index,follow",Hulvey — Live at Hifi Annex,107,18,True,True,
https://kingdomcircuit.com/event/hulvey-live-at-miami-beach-bandshell-2026-09-04-miami-beach-397925/,event,200,https://kingdomcircuit.com/event/hulvey-live-at-miami-beach-bandshell-2026-09-04-miami-beach-397925/?full-audit=1,"Hulvey — Live at Miami Beach Bandshell - Miami Beach, FL | The Kingdom Circuit","Hulvey live in Miami Beach, FL on Fri, Sep 4, 2026. Verified official show details.",https://kingdomcircuit.com/event/hulvey-live-at-miami-beach-bandshell-2026-09-04-miami-beach-397925/,"index,follow",Hulvey — Live at Miami Beach Bandshell,113,18,True,True,
https://kingdomcircuit.com/event/hulvey-w-indie-tribe-2026-09-10-philadelphia-8d612a/,event,200,https://kingdomcircuit.com/event/hulvey-w-indie-tribe-2026-09-10-philadelphia-8d612a/?full-audit=1,"Hulvey w/ Indie Tribe - Philadelphia, PA | The Kingdom Circuit","Hulvey, indie tribe., Kijan Boone live in Philadelphia, PA on Thu, Sep 10, 2026 - 7:00 PM. Verified official show details.",https://kingdomcircuit.com/event/hulvey-w-indie-tribe-2026-09-10-philadelphia-8d612a/,"index,follow",Hulvey w/ Indie Tribe,108,20,True,True,
https://kingdomcircuit.com/event/hulvey-w-indie-tribe-2026-09-25-columbus-f88802/,event,200,https://kingdomcircuit.com/event/hulvey-w-indie-tribe-2026-09-25-columbus-f88802/?full-audit=1,"Hulvey w/ Indie Tribe - Columbus, OH | The Kingdom Circuit","Hulvey, indie tribe., Kijan Boone live in Columbus, OH on Fri, Sep 25, 2026 - 7:00 PM. Verified official show details.",https://kingdomcircuit.com/event/hulvey-w-indie-tribe-2026-09-25-columbus-f88802/,"index,follow",Hulvey w/ Indie Tribe,109,20,True,True,
https://kingdomcircuit.com/event/konnect-concert-series-2026-08-22-houston-3d3289/,event,200,https://kingdomcircuit.com/event/konnect-concert-series-2026-08-22-houston-3d3289/?full-audit=1,"Konnect Concert Series - Houston, TX | The Kingdom Circuit","1K Phew, Parris Chariz live in Houston, TX on Sat, Aug 22, 2026 - 6:00 PM. Verified official show details.",https://kingdomcircuit.com/event/konnect-concert-series-2026-08-22-houston-3d3289/,"index,follow",Konnect Concert Series,110,19,True,True,
https://kingdomcircuit.com/event/let-the-church-sing-tour-night-3-2026-10-02-dunedin-5d4017/,event,200,https://kingdomcircuit.com/event/let-the-church-sing-tour-night-3-2026-10-02-dunedin-5d4017/?full-audit=1,"Let The Church Sing Tour Night 3 - Dunedin, FL | The Kingdom Circuit","Jake Rager, Mike Malagies, Tell My Sons live in Dunedin, FL on Fri, Oct 2, 2026 - 6:30 PM. Verified official show details.",https://kingdomcircuit.com/event/let-the-church-sing-tour-night-3-2026-10-02-dunedin-5d4017/,"index,follow",Let The Church Sing Tour Night 3,122,20,True,True,
https://kingdomcircuit.com/event/lifelight-festival-2026-2026-09-06-sioux-falls-14fa95/,event,200,https://kingdomcircuit.com/event/lifelight-festival-2026-2026-09-06-sioux-falls-14fa95/?full-audit=1,"LifeLight Festival 2026 - Sioux Falls, SD | The Kingdom Circuit","KB live in Sioux Falls, SD on Sun, Sep 6, 2026. Verified official show details.",https://kingdomcircuit.com/event/lifelight-festival-2026-2026-09-06-sioux-falls-14fa95/,"index,follow",LifeLight Festival 2026,105,18,True,True,
https://kingdomcircuit.com/event/madison-ryann-ward-18-event-2026-09-15-birmingham-64a17a/,event,200,https://kingdomcircuit.com/event/madison-ryann-ward-18-event-2026-09-15-birmingham-64a17a/?full-audit=1,"Madison Ryann Ward (18+ Event) - Birmingham, AL | The Kingdom Circuit","Madison Ryann Ward live in Birmingham, AL on Tue, Sep 15, 2026 - 8:00 PM. Verified official show details.",https://kingdomcircuit.com/event/madison-ryann-ward-18-event-2026-09-15-birmingham-64a17a/,"index,follow",Madison Ryann Ward (18+ Event),109,18,True,True,
https://kingdomcircuit.com/event/madison-ryann-ward-2026-09-09-oklahoma-city-392200/,event,200,https://kingdomcircuit.com/event/madison-ryann-ward-2026-09-09-oklahoma-city-392200/?full-audit=1,"Madison Ryann Ward - Oklahoma City, OK | The Kingdom Circuit","Madison Ryann Ward live in Oklahoma City, OK on Wed, Sep 9, 2026 - 8:00 PM. Verified official show details.",https://kingdomcircuit.com/event/madison-ryann-ward-2026-09-09-oklahoma-city-392200/,"index,follow",Madison Ryann Ward,107,18,True,True,
https://kingdomcircuit.com/event/madison-ryann-ward-2026-09-10-fayetteville-425ee4/,event,200,https://kingdomcircuit.com/event/madison-ryann-ward-2026-09-10-fayetteville-425ee4/?full-audit=1,"Madison Ryann Ward - Fayetteville, AR | The Kingdom Circuit","Madison Ryann Ward live in Fayetteville, AR on Thu, Sep 10, 2026 - 8:00 PM. Verified official show details.",https://kingdomcircuit.com/event/madison-ryann-ward-2026-09-10-fayetteville-425ee4/,"index,follow",Madison Ryann Ward,104,18,True,True,
https://kingdomcircuit.com/event/madison-ryann-ward-2026-09-27-philadelphia-7311eb/,event,200,https://kingdomcircuit.com/event/madison-ryann-ward-2026-09-27-philadelphia-7311eb/?full-audit=1,"Madison Ryann Ward - Philadelphia, PA | The Kingdom Circuit","Madison Ryann Ward live in Philadelphia, PA on Sun, Sep 27, 2026 - 8:00 PM. Verified official show details.",https://kingdomcircuit.com/event/madison-ryann-ward-2026-09-27-philadelphia-7311eb/,"index,follow",Madison Ryann Ward,103,18,True,True,
https://kingdomcircuit.com/event/madison-ryann-ward-the-standing-tall-tour-2026-09-12-memphis-9db0b3/,event,200,https://kingdomcircuit.com/event/madison-ryann-ward-the-standing-tall-tour-2026-09-12-memphis-9db0b3/?full-audit=1,"Madison Ryann Ward - The Standing Tall Tour - Memphis, TN | The Kingdom Circuit","Madison Ryann Ward live in Memphis, TN on Sat, Sep 12, 2026 - 8:00 PM. Verified official show details.",https://kingdomcircuit.com/event/madison-ryann-ward-the-standing-tall-tour-2026-09-12-memphis-9db0b3/,"index,follow",Madison Ryann Ward - The Standing Tall Tour,115,18,True,True,
https://kingdomcircuit.com/event/madison-ryann-ward-the-standing-tall-tour-2026-09-22-new-york-6871d6/,event,200,https://kingdomcircuit.com/event/madison-ryann-ward-the-standing-tall-tour-2026-09-22-new-york-6871d6/?full-audit=1,"Madison Ryann Ward - The Standing Tall Tour - New York, NY | The Kingdom Circuit","Madison Ryann Ward live in New York, NY on Tue, Sep 22, 2026 - 8:00 PM. Verified official show details.",https://kingdomcircuit.com/event/madison-ryann-ward-the-standing-tall-tour-2026-09-22-new-york-6871d6/,"index,follow",Madison Ryann Ward - The Standing Tall Tour,118,18,True,True,
https://kingdomcircuit.com/event/madison-ryann-ward-the-standing-tall-tour-2026-09-23-new-york-c6f0d2/,event,200,https://kingdomcircuit.com/event/madison-ryann-ward-the-standing-tall-tour-2026-09-23-new-york-c6f0d2/?full-audit=1,"Madison Ryann Ward - The Standing Tall Tour - New York, NY | The Kingdom Circuit","Madison Ryann Ward live in New York, NY on Wed, Sep 23, 2026 - 8:00 PM. Verified official show details.",https://kingdomcircuit.com/event/madison-ryann-ward-the-standing-tall-tour-2026-09-23-new-york-c6f0d2/,"index,follow",Madison Ryann Ward - The Standing Tall Tour,118,18,True,True,
https://kingdomcircuit.com/event/miles-minnick-new-mainstream-tour-2026-09-13-new-york-f8e896/,event,200,https://kingdomcircuit.com/event/miles-minnick-new-mainstream-tour-2026-09-13-new-york-f8e896/?full-audit=1,"Miles Minnick - New Mainstream Tour - New York, NY | The Kingdom Circuit","Miles Minnick live in New York, NY on Sun, Sep 13, 2026 - 5:00 PM. Verified official show details.",https://kingdomcircuit.com/event/miles-minnick-new-mainstream-tour-2026-09-13-new-york-f8e896/,"index,follow",Miles Minnick - New Mainstream Tour,111,18,True,True,
https://kingdomcircuit.com/event/rural-music-festival-2026-2026-08-28-isle-aa0202/,event,200,https://kingdomcircuit.com/event/rural-music-festival-2026-2026-08-28-isle-aa0202/?full-audit=1,"Rural Music Festival 2026 - Isle, MN | The Kingdom Circuit","Social Club Misfits, Rare of Breed live in Isle, MN on Fri, Aug 28, 2026 - 12:00 PM. Verified official show details.",https://kingdomcircuit.com/event/rural-music-festival-2026-2026-08-28-isle-aa0202/,"index,follow",Rural Music Festival 2026,113,19,True,True,
https://kingdomcircuit.com/event/scootie-wop-at-match-2026-11-14-houston-939e4b/,event,200,https://kingdomcircuit.com/event/scootie-wop-at-match-2026-11-14-houston-939e4b/?full-audit=1,"Scootie Wop at MATCH - Houston, TX | The Kingdom Circuit","Scootie Wop live in Houston, TX on Sat, Nov 14, 2026 - 6:00 PM. Verified official show details.",https://kingdomcircuit.com/event/scootie-wop-at-match-2026-11-14-houston-939e4b/,"index,follow",Scootie Wop at MATCH,114,18,True,True,
https://kingdomcircuit.com/event/scootie-wop-at-southwest-trail-riders-association-2026-10-10-houston-6bfe85/,event,200,https://kingdomcircuit.com/event/scootie-wop-at-southwest-trail-riders-association-2026-10-10-houston-6bfe85/?full-audit=1,"Scootie Wop at Southwest Trail Riders Association - Houston, TX | The Kingdom Circuit","Scootie Wop live in Houston, TX on Sat, Oct 10, 2026 - 11:45 AM. Verified official show details.",https://kingdomcircuit.com/event/scootie-wop-at-southwest-trail-riders-association-2026-10-10-houston-6bfe85/,"index,follow",Scootie Wop at Southwest Trail Riders Association,120,18,True,True,
https://kingdomcircuit.com/event/sevin-live-concert-sponsor-charlotte-2026-11-21-sponsor-charlotte-452e70/,event,200,https://kingdomcircuit.com/event/sevin-live-concert-sponsor-charlotte-2026-11-21-sponsor-charlotte-452e70/?full-audit=1,"Sevin Live Concert — Sponsor Charlotte - Sponsor Charlotte, NC | The Kingdom Circuit","Sevin live in Sponsor Charlotte, NC on Sat, Nov 21, 2026 - 8:00 PM. Verified official show details.",https://kingdomcircuit.com/event/sevin-live-concert-sponsor-charlotte-2026-11-21-sponsor-charlotte-452e70/,"index,follow",Sevin Live Concert — Sponsor Charlotte,116,18,True,True,
https://kingdomcircuit.com/event/sevin-live-concert-sponsor-kansas-city-2026-09-26-sponsor-kansas-city-345700/,event,200,https://kingdomcircuit.com/event/sevin-live-concert-sponsor-kansas-city-2026-09-26-sponsor-kansas-city-345700/?full-audit=1,"Sevin Live Concert — Sponsor Kansas City - Sponsor Kansas City, MO | The Kingdom Circuit","Sevin live in Sponsor Kansas City, MO on Sat, Sep 26, 2026 - 8:00 PM. Verified official show details.",https://kingdomcircuit.com/event/sevin-live-concert-sponsor-kansas-city-2026-09-26-sponsor-kansas-city-345700/,"index,follow",Sevin Live Concert — Sponsor Kansas City,120,18,True,True,
https://kingdomcircuit.com/event/sevin-live-concert-sponsor-nashville-2026-10-24-sponsor-nashville-d93df1/,event,200,https://kingdomcircuit.com/event/sevin-live-concert-sponsor-nashville-2026-10-24-sponsor-nashville-d93df1/?full-audit=1,"Sevin Live Concert — Sponsor Nashville - Sponsor Nashville, TN | The Kingdom Circuit","Sevin live in Sponsor Nashville, TN on Sat, Oct 24, 2026 - 8:00 PM. Verified official show details.",https://kingdomcircuit.com/event/sevin-live-concert-sponsor-nashville-2026-10-24-sponsor-nashville-d93df1/,"index,follow",Sevin Live Concert — Sponsor Nashville,115,18,True,True,
https://kingdomcircuit.com/event/sevin-live-concert-sponsor-sacramento-2026-12-05-sponsor-sacramento-d45fd0/,event,200,https://kingdomcircuit.com/event/sevin-live-concert-sponsor-sacramento-2026-12-05-sponsor-sacramento-d45fd0/?full-audit=1,"Sevin Live Concert — Sponsor Sacramento - Sponsor Sacramento, CA | The Kingdom Circuit","Sevin live in Sponsor Sacramento, CA on Sat, Dec 5, 2026 - 8:00 PM. Verified official show details.",https://kingdomcircuit.com/event/sevin-live-concert-sponsor-sacramento-2026-12-05-sponsor-sacramento-d45fd0/,"index,follow",Sevin Live Concert — Sponsor Sacramento,115,18,True,True,
https://kingdomcircuit.com/event/sevin-live-concert-sponsor-san-diego-2026-08-29-sponsor-san-diego-b01c83/,event,200,https://kingdomcircuit.com/event/sevin-live-concert-sponsor-san-diego-2026-08-29-sponsor-san-diego-b01c83/?full-audit=1,"Sevin Live Concert — Sponsor San Diego - Sponsor San Diego, CA | The Kingdom Circuit","Sevin live in Sponsor San Diego, CA on Sat, Aug 29, 2026 - 8:00 PM. Verified official show details.",https://kingdomcircuit.com/event/sevin-live-concert-sponsor-san-diego-2026-08-29-sponsor-san-diego-b01c83/,"index,follow",Sevin Live Concert — Sponsor San Diego,120,18,True,True,
https://kingdomcircuit.com/event/space-city-fest-2026-2026-10-25-houston-88bea2/,event,200,https://kingdomcircuit.com/event/space-city-fest-2026-2026-10-25-houston-88bea2/?full-audit=1,"Space City Fest 2026 - Houston, TX | The Kingdom Circuit","Lecrae live in Houston, TX on Sun, Oct 25, 2026 - 4:00 PM. Verified official show details.",https://kingdomcircuit.com/event/space-city-fest-2026-2026-10-25-houston-88bea2/,"index,follow",Space City Fest 2026,110,18,True,True,
https://kingdomcircuit.com/event/stellar-mike-teezy-pop-up-experience-2026-08-22-charlotte-9bf096/,event,200,https://kingdomcircuit.com/event/stellar-mike-teezy-pop-up-experience-2026-08-22-charlotte-9bf096/?full-audit=1,"Stellar: Mike Teezy Pop-Up Experience - Charlotte, NC | The Kingdom Circuit","Mike Teezy live in Charlotte, NC on Sat, Aug 22, 2026 - 6:00 PM. Verified official show details.",https://kingdomcircuit.com/event/stellar-mike-teezy-pop-up-experience-2026-08-22-charlotte-9bf096/,"index,follow",Stellar: Mike Teezy Pop-Up Experience,113,18,True,True,
https://kingdomcircuit.com/event/steven-malcolm-at-the-centre-2026-08-20-adrian-4413d3/,event,200,https://kingdomcircuit.com/event/steven-malcolm-at-the-centre-2026-08-20-adrian-4413d3/?full-audit=1,"Steven Malcolm at The Centre - Adrian, MI | The Kingdom Circuit","Steven Malcolm live in Adrian, MI on Thu, Aug 20, 2026 - 7:30 PM. Verified official show details.",https://kingdomcircuit.com/event/steven-malcolm-at-the-centre-2026-08-20-adrian-4413d3/,"index,follow",Steven Malcolm at The Centre,113,18,True,True,
https://kingdomcircuit.com/event/trip-lee-live-at-rock-the-pines-2026-2026-09-05-mineola-1b312f/,event,200,https://kingdomcircuit.com/event/trip-lee-live-at-rock-the-pines-2026-2026-09-05-mineola-1b312f/?full-audit=1,"Trip Lee — Live at Rock The Pines 2026 - Mineola, TX | The Kingdom Circuit","Trip Lee live in Mineola, TX on Sat, Sep 5, 2026. Verified official show details.",https://kingdomcircuit.com/event/trip-lee-live-at-rock-the-pines-2026-2026-09-05-mineola-1b312f/,"index,follow",Trip Lee — Live at Rock The Pines 2026,119,18,True,True,
https://kingdomcircuit.com/event/turned-up-for-christ-2026-08-28-corbin-8dd468/,event,200,https://kingdomcircuit.com/event/turned-up-for-christ-2026-08-28-corbin-8dd468/?full-audit=1,"Turned Up for Christ - Corbin, KY | The Kingdom Circuit","REDEEMED, J. Truth, Nicky Gracious, Dray Day Ministry, Aubreyy live in Corbin, KY on Fri, Aug 28, 2026 - 6:00 PM. Verified official show details.",https://kingdomcircuit.com/event/turned-up-for-christ-2026-08-28-corbin-8dd468/,"index,follow",Turned Up for Christ,120,22,True,True,
https://kingdomcircuit.com/event/uprise-festival-2026-2026-09-11-shippensburg-b04045/,event,200,https://kingdomcircuit.com/event/uprise-festival-2026-2026-09-11-shippensburg-b04045/?full-audit=1,"Uprise Festival 2026 - Shippensburg, PA | The Kingdom Circuit","KB, Hulvey, nobigdyl., Miles Minnick, 1K Phew, Anike, Kijan Boone live in Shippensburg, PA on Fri, Sep 11, 2026. Verified official show details.",https://kingdomcircuit.com/event/uprise-festival-2026-2026-09-11-shippensburg-b04045/,"index,follow",Uprise Festival 2026,111,24,True,True,
https://kingdomcircuit.com/event/worship-in-the-pines-brandon-lake-and-more-2026-09-11-saratoga-springs-7f1e44/,event,200,https://kingdomcircuit.com/event/worship-in-the-pines-brandon-lake-and-more-2026-09-11-saratoga-springs-7f1e44/?full-audit=1,"Worship in the Pines - Brandon Lake & More! - Saratoga Springs, NY | The Kingdom Circuit","Hulvey live in Saratoga Springs, NY on Fri, Sep 11, 2026 - 4:00 PM. Verified official show details.",https://kingdomcircuit.com/event/worship-in-the-pines-brandon-lake-and-more-2026-09-11-saratoga-springs-7f1e44/,"index,follow",Worship in the Pines - Brandon Lake & More!,120,18,True,True,
https://kingdomcircuit.com/event/xxl-freshman-class-2026-live-2026-08-27-los-angeles-8ac3db/,event,200,https://kingdomcircuit.com/event/xxl-freshman-class-2026-live-2026-08-27-los-angeles-8ac3db/?full-audit=1,"XXL Freshman Class 2026 LIVE - Los Angeles, CA | The Kingdom Circuit","Miles Minnick live in Los Angeles, CA on Thu, Aug 27, 2026 - 7:00 PM. Verified official show details.",https://kingdomcircuit.com/event/xxl-freshman-class-2026-live-2026-08-27-los-angeles-8ac3db/,"index,follow",XXL Freshman Class 2026 LIVE,110,18,True,True,
https://kingdomcircuit.com/event/zauntee-god-remembers-tour-2026-11-01-new-york-38cf92/,event,200,https://kingdomcircuit.com/event/zauntee-god-remembers-tour-2026-11-01-new-york-38cf92/?full-audit=1,"ZAUNTEE: God Remembers Tour - New York, NY | The Kingdom Circuit","Zauntee, Skema Boy live in New York, NY on Sun, Nov 1, 2026 - 5:00 PM. Verified official show details.",https://kingdomcircuit.com/event/zauntee-god-remembers-tour-2026-11-01-new-york-38cf92/,"index,follow",ZAUNTEE: God Remembers Tour,109,19,True,True,
https://kingdomcircuit.com/event/zauntee-god-remembers-tour-2026-11-04-charlotte-3114fc/,event,200,https://kingdomcircuit.com/event/zauntee-god-remembers-tour-2026-11-04-charlotte-3114fc/?full-audit=1,"ZAUNTEE: God Remembers Tour - Charlotte, NC | The Kingdom Circuit","Zauntee, Skema Boy live in Charlotte, NC on Wed, Nov 4, 2026 - 8:00 PM. Verified official show details.",https://kingdomcircuit.com/event/zauntee-god-remembers-tour-2026-11-04-charlotte-3114fc/,"index,follow",ZAUNTEE: God Remembers Tour,109,19,True,True,
https://kingdomcircuit.com/event/zauntee-god-remembers-tour-2026-11-08-atlanta-48f2af/,event,200,https://kingdomcircuit.com/event/zauntee-god-remembers-tour-2026-11-08-atlanta-48f2af/?full-audit=1,"ZAUNTEE: God Remembers Tour - Atlanta, GA | The Kingdom Circuit","Zauntee, Skema Boy live in Atlanta, GA on Sun, Nov 8, 2026 - 7:00 PM. Verified official show details.",https://kingdomcircuit.com/event/zauntee-god-remembers-tour-2026-11-08-atlanta-48f2af/,"index,follow",ZAUNTEE: God Remembers Tour,107,19,True,True,
https://kingdomcircuit.com/event/zauntee-god-remembers-tour-2026-11-19-los-angeles-3c3cda/,event,200,https://kingdomcircuit.com/event/zauntee-god-remembers-tour-2026-11-19-los-angeles-3c3cda/?full-audit=1,"ZAUNTEE: God Remembers Tour - Los Angeles, CA | The Kingdom Circuit","Zauntee, Skema Boy live in Los Angeles, CA on Thu, Nov 19, 2026 - 9:30 PM. Verified official show details.",https://kingdomcircuit.com/event/zauntee-god-remembers-tour-2026-11-19-los-angeles-3c3cda/,"index,follow",ZAUNTEE: God Remembers Tour,109,19,True,True,
https://kingdomcircuit.com/event/zauntee-god-remembers-tour-with-skema-boy-2026-10-27-chicago-dd37a2/,event,200,https://kingdomcircuit.com/event/zauntee-god-remembers-tour-with-skema-boy-2026-10-27-chicago-dd37a2/?full-audit=1,"Zauntee: God Remembers Tour - with Skema Boy - Chicago, IL | The Kingdom Circuit","Zauntee, Skema Boy live in Chicago, IL on Tue, Oct 27, 2026 - 8:00 PM. Verified official show details.",https://kingdomcircuit.com/event/zauntee-god-remembers-tour-with-skema-boy-2026-10-27-chicago-dd37a2/,"index,follow",Zauntee: God Remembers Tour - with Skema Boy,118,19,True,True,
https://kingdomcircuit.com/event/zauntee-god-remembers-tour-with-skema-boy-2026-10-28-columbus-9693cc/,event,200,https://kingdomcircuit.com/event/zauntee-god-remembers-tour-with-skema-boy-2026-10-28-columbus-9693cc/?full-audit=1,"Zauntee: God Remembers Tour - with Skema Boy - Columbus, OH | The Kingdom Circuit","Zauntee, Skema Boy live in Columbus, OH on Wed, Oct 28, 2026 - 8:00 PM. Verified official show details.",https://kingdomcircuit.com/event/zauntee-god-remembers-tour-with-skema-boy-2026-10-28-columbus-9693cc/,"index,follow",Zauntee: God Remembers Tour - with Skema Boy,120,19,True,True,
https://kingdomcircuit.com/event/zauntee-god-remembers-tour-with-skema-boy-2026-10-29-ferndale-42a126/,event,200,https://kingdomcircuit.com/event/zauntee-god-remembers-tour-with-skema-boy-2026-10-29-ferndale-42a126/?full-audit=1,"Zauntee: God Remembers Tour - with Skema Boy - Ferndale, MI | The Kingdom Circuit","Zauntee, Skema Boy live in Ferndale, MI on Thu, Oct 29, 2026 - 8:00 PM. Verified official show details.",https://kingdomcircuit.com/event/zauntee-god-remembers-tour-with-skema-boy-2026-10-29-ferndale-42a126/,"index,follow",Zauntee: God Remembers Tour - with Skema Boy,120,19,True,True,
https://kingdomcircuit.com/event/zauntee-god-remembers-tour-with-skema-boy-2026-11-06-nashville-776c3a/,event,200,https://kingdomcircuit.com/event/zauntee-god-remembers-tour-with-skema-boy-2026-11-06-nashville-776c3a/?full-audit=1,"Zauntee: God Remembers Tour - with Skema Boy - Nashville, TN | The Kingdom Circuit","Zauntee, Skema Boy live in Nashville, TN on Fri, Nov 6, 2026 - 8:00 PM. Verified official show details.",https://kingdomcircuit.com/event/zauntee-god-remembers-tour-with-skema-boy-2026-11-06-nashville-776c3a/,"index,follow",Zauntee: God Remembers Tour - with Skema Boy,119,19,True,True,
https://kingdomcircuit.com/event/zauntee-god-remembers-tour-with-skema-boy-2026-11-10-jacksonville-ba0624/,event,200,https://kingdomcircuit.com/event/zauntee-god-remembers-tour-with-skema-boy-2026-11-10-jacksonville-ba0624/?full-audit=1,"Zauntee: God Remembers Tour - with Skema Boy - Jacksonville, FL | The Kingdom Circuit","Zauntee, Skema Boy live in Jacksonville, FL on Tue, Nov 10, 2026 - 8:00 PM. Verified official show details.",https://kingdomcircuit.com/event/zauntee-god-remembers-tour-with-skema-boy-2026-11-10-jacksonville-ba0624/,"index,follow",Zauntee: God Remembers Tour - with Skema Boy,119,19,True,True,
https://kingdomcircuit.com/event/zauntee-god-remembers-tour-with-skema-boy-2026-11-11-tampa-83fcb0/,event,200,https://kingdomcircuit.com/event/zauntee-god-remembers-tour-with-skema-boy-2026-11-11-tampa-83fcb0/?full-audit=1,"Zauntee: God Remembers Tour - with Skema Boy - Tampa, FL | The Kingdom Circuit","Zauntee, Skema Boy live in Tampa, FL on Wed, Nov 11, 2026 - 8:00 PM. Verified official show details.",https://kingdomcircuit.com/event/zauntee-god-remembers-tour-with-skema-boy-2026-11-11-tampa-83fcb0/,"index,follow",Zauntee: God Remembers Tour - with Skema Boy,119,19,True,True,
https://kingdomcircuit.com/event/zauntee-god-remembers-tour-with-skema-boy-2026-11-16-dallas-e07c5c/,event,200,https://kingdomcircuit.com/event/zauntee-god-remembers-tour-with-skema-boy-2026-11-16-dallas-e07c5c/?full-audit=1,"Zauntee: God Remembers Tour - with Skema Boy - Dallas, TX | The Kingdom Circuit","Zauntee, Skema Boy live in Dallas, TX on Mon, Nov 16, 2026 - 8:00 PM. Verified official show details.",https://kingdomcircuit.com/event/zauntee-god-remembers-tour-with-skema-boy-2026-11-16-dallas-e07c5c/,"index,follow",Zauntee: God Remembers Tour - with Skema Boy,121,19,True,True,
https://kingdomcircuit.com/event/zauntee-god-remembers-tour-with-skema-boy-2026-11-18-phoenix-9e3c97/,event,200,https://kingdomcircuit.com/event/zauntee-god-remembers-tour-with-skema-boy-2026-11-18-phoenix-9e3c97/?full-audit=1,"Zauntee: God Remembers Tour - with Skema Boy - Phoenix, AZ | The Kingdom Circuit","Zauntee, Skema Boy live in Phoenix, AZ on Wed, Nov 18, 2026 - 8:00 PM. Verified official show details.",https://kingdomcircuit.com/event/zauntee-god-remembers-tour-with-skema-boy-2026-11-18-phoenix-9e3c97/,"index,follow",Zauntee: God Remembers Tour - with Skema Boy,119,19,True,True,
https://kingdomcircuit.com/event/zauntee-god-remembers-tour-with-skema-boy-2026-11-21-denver-e52fdb/,event,200,https://kingdomcircuit.com/event/zauntee-god-remembers-tour-with-skema-boy-2026-11-21-denver-e52fdb/?full-audit=1,"Zauntee: God Remembers Tour - with Skema Boy - Denver, CO | The Kingdom Circuit","Zauntee, Skema Boy live in Denver, CO on Sat, Nov 21, 2026 - 8:00 PM. Verified official show details.",https://kingdomcircuit.com/event/zauntee-god-remembers-tour-with-skema-boy-2026-11-21-denver-e52fdb/,"index,follow",Zauntee: God Remembers Tour - with Skema Boy,120,19,True,True,
https://kingdomcircuit.com/festivals/,core,200,https://kingdomcircuit.com/festivals/?full-audit=1,Christian Hip-Hop Festivals | The Kingdom Circuit,Discover upcoming U.S. festivals with confirmed Christian hip-hop and Christian rap artists.,https://kingdomcircuit.com/festivals/,"index,follow",Christian Hip-Hop Festivals,334,52,False,False,
https://kingdomcircuit.com/new-shows/,core,200,https://kingdomcircuit.com/new-shows/?full-audit=1,New Christian Hip-Hop Shows | The Kingdom Circuit,See Christian hip-hop concerts and festivals recently added to The Kingdom Circuit.,https://kingdomcircuit.com/new-shows/,"index,follow",New to Kingdom Circuit,3287,411,False,False,
https://kingdomcircuit.com/shows/,core,200,https://kingdomcircuit.com/shows/?full-audit=1,Christian Hip-Hop Shows & Concerts | The Kingdom Circuit,"Browse upcoming verified Christian hip-hop concerts, Christian rap shows, tours, festivals, and live events across the United States.",https://kingdomcircuit.com/shows/,"index,follow",Christian Hip-Hop Shows,3277,411,False,False,
https://kingdomcircuit.com/shows/adrian-michigan/,city,200,https://kingdomcircuit.com/shows/adrian-michigan/?full-audit=1,"Christian Hip-Hop Shows in Adrian, MI | The Kingdom Circuit","Find upcoming Christian hip-hop concerts and festivals in Adrian, Michigan.",https://kingdomcircuit.com/shows/adrian-michigan/,"index,follow",Christian Hip-Hop Shows in Adrian,107,20,False,True,
https://kingdomcircuit.com/shows/alabama/,state,200,https://kingdomcircuit.com/shows/alabama/?full-audit=1,Christian Hip-Hop Shows in Alabama | The Kingdom Circuit,Find upcoming Christian hip-hop concerts and festivals in Alabama.,https://kingdomcircuit.com/shows/alabama/,"index,follow",Christian Hip-Hop Shows in Alabama,131,24,False,True,
https://kingdomcircuit.com/shows/arizona/,state,200,https://kingdomcircuit.com/shows/arizona/?full-audit=1,Christian Hip-Hop Shows in Arizona | The Kingdom Circuit,Find upcoming Christian hip-hop concerts and festivals in Arizona.,https://kingdomcircuit.com/shows/arizona/,"index,follow",Christian Hip-Hop Shows in Arizona,162,28,False,True,
https://kingdomcircuit.com/shows/arkansas/,state,200,https://kingdomcircuit.com/shows/arkansas/?full-audit=1,Christian Hip-Hop Shows in Arkansas | The Kingdom Circuit,Find upcoming Christian hip-hop concerts and festivals in Arkansas.,https://kingdomcircuit.com/shows/arkansas/,"index,follow",Christian Hip-Hop Shows in Arkansas,101,19,False,True,
https://kingdomcircuit.com/shows/atlanta-georgia/,city,200,https://kingdomcircuit.com/shows/atlanta-georgia/?full-audit=1,"Christian Hip-Hop Shows in Atlanta, GA | The Kingdom Circuit","Find upcoming Christian hip-hop concerts and festivals in Atlanta, Georgia.",https://kingdomcircuit.com/shows/atlanta-georgia/,"index,follow",Christian Hip-Hop Shows in Atlanta,161,29,False,True,
https://kingdomcircuit.com/shows/august-2026/,month,200,https://kingdomcircuit.com/shows/august-2026/?full-audit=1,Christian Hip-Hop Shows in August 2026 | The Kingdom Circuit,Find Christian hip-hop concerts and festivals in August 2026.,https://kingdomcircuit.com/shows/august-2026/,"index,follow",Christian Hip-Hop Shows in August 2026,840,116,False,True,
https://kingdomcircuit.com/shows/austin-texas/,city,200,https://kingdomcircuit.com/shows/austin-texas/?full-audit=1,"Christian Hip-Hop Shows in Austin, TX | The Kingdom Circuit","Find upcoming Christian hip-hop concerts and festivals in Austin, Texas.",https://kingdomcircuit.com/shows/austin-texas/,"index,follow",Christian Hip-Hop Shows in Austin,108,20,False,True,
https://kingdomcircuit.com/shows/bakersfield-california/,city,200,https://kingdomcircuit.com/shows/bakersfield-california/?full-audit=1,"Christian Hip-Hop Shows in Bakersfield, CA | The Kingdom Circuit","Find upcoming Christian hip-hop concerts and festivals in Bakersfield, California.",https://kingdomcircuit.com/shows/bakersfield-california/,"index,follow",Christian Hip-Hop Shows in Bakersfield,101,20,False,True,
https://kingdomcircuit.com/shows/big-bear-lake-california/,city,200,https://kingdomcircuit.com/shows/big-bear-lake-california/?full-audit=1,"Christian Hip-Hop Shows in Big Bear Lake, CA | The Kingdom Circuit","Find upcoming Christian hip-hop concerts and festivals in Big Bear Lake, California.",https://kingdomcircuit.com/shows/big-bear-lake-california/,"index,follow",Christian Hip-Hop Shows in Big Bear Lake,114,20,False,True,
https://kingdomcircuit.com/shows/birmingham-alabama/,city,200,https://kingdomcircuit.com/shows/birmingham-alabama/?full-audit=1,"Christian Hip-Hop Shows in Birmingham, AL | The Kingdom Circuit","Find upcoming Christian hip-hop concerts and festivals in Birmingham, Alabama.",https://kingdomcircuit.com/shows/birmingham-alabama/,"index,follow",Christian Hip-Hop Shows in Birmingham,132,25,False,True,
https://kingdomcircuit.com/shows/boston-massachusetts/,city,200,https://kingdomcircuit.com/shows/boston-massachusetts/?full-audit=1,"Christian Hip-Hop Shows in Boston, MA | The Kingdom Circuit","Find upcoming Christian hip-hop concerts and festivals in Boston, Massachusetts.",https://kingdomcircuit.com/shows/boston-massachusetts/,"index,follow",Christian Hip-Hop Shows in Boston,106,22,False,True,
https://kingdomcircuit.com/shows/bradley-california/,city,200,https://kingdomcircuit.com/shows/bradley-california/?full-audit=1,"Christian Hip-Hop Shows in Bradley, CA | The Kingdom Circuit","Find upcoming Christian hip-hop concerts and festivals in Bradley, California.",https://kingdomcircuit.com/shows/bradley-california/,"index,follow",Christian Hip-Hop Shows in Bradley,100,20,False,True,
https://kingdomcircuit.com/shows/california/,state,200,https://kingdomcircuit.com/shows/california/?full-audit=1,Christian Hip-Hop Shows in California | The Kingdom Circuit,Find upcoming Christian hip-hop concerts and festivals in California.,https://kingdomcircuit.com/shows/california/,"index,follow",Christian Hip-Hop Shows in California,674,87,False,True,
https://kingdomcircuit.com/shows/carson-california/,city,200,https://kingdomcircuit.com/shows/carson-california/?full-audit=1,"Christian Hip-Hop Shows in Carson, CA | The Kingdom Circuit","Find upcoming Christian hip-hop concerts and festivals in Carson, California.",https://kingdomcircuit.com/shows/carson-california/,"index,follow",Christian Hip-Hop Shows in Carson,99,20,False,True,
https://kingdomcircuit.com/shows/chandler-arizona/,city,200,https://kingdomcircuit.com/shows/chandler-arizona/?full-audit=1,"Christian Hip-Hop Shows in Chandler, AZ | The Kingdom Circuit","Find upcoming Christian hip-hop concerts and festivals in Chandler, Arizona.",https://kingdomcircuit.com/shows/chandler-arizona/,"index,follow",Christian Hip-Hop Shows in Chandler,100,20,False,True,
https://kingdomcircuit.com/shows/charlotte-north-carolina/,city,200,https://kingdomcircuit.com/shows/charlotte-north-carolina/?full-audit=1,"Christian Hip-Hop Shows in Charlotte, NC | The Kingdom Circuit","Find upcoming Christian hip-hop concerts and festivals in Charlotte, North Carolina.",https://kingdomcircuit.com/shows/charlotte-north-carolina/,"index,follow",Christian Hip-Hop Shows in Charlotte,166,29,False,True,
https://kingdomcircuit.com/shows/chicago-illinois/,city,200,https://kingdomcircuit.com/shows/chicago-illinois/?full-audit=1,"Christian Hip-Hop Shows in Chicago, IL | The Kingdom Circuit","Find upcoming Christian hip-hop concerts and festivals in Chicago, Illinois.",https://kingdomcircuit.com/shows/chicago-illinois/,"index,follow",Christian Hip-Hop Shows in Chicago,139,26,False,True,
https://kingdomcircuit.com/shows/cincinnati-ohio/,city,200,https://kingdomcircuit.com/shows/cincinnati-ohio/?full-audit=1,"Christian Hip-Hop Shows in Cincinnati, OH | The Kingdom Circuit","Find upcoming Christian hip-hop concerts and festivals in Cincinnati, Ohio.",https://kingdomcircuit.com/shows/cincinnati-ohio/,"index,follow",Christian Hip-Hop Shows in Cincinnati,104,22,False,True,
https://kingdomcircuit.com/shows/cleveland-ohio/,city,200,https://kingdomcircuit.com/shows/cleveland-ohio/?full-audit=1,"Christian Hip-Hop Shows in Cleveland, OH | The Kingdom Circuit","Find upcoming Christian hip-hop concerts and festivals in Cleveland, Ohio.",https://kingdomcircuit.com/shows/cleveland-ohio/,"index,follow",Christian Hip-Hop Shows in Cleveland,108,21,False,True,
https://kingdomcircuit.com/shows/colorado/,state,200,https://kingdomcircuit.com/shows/colorado/?full-audit=1,Christian Hip-Hop Shows in Colorado | The Kingdom Circuit,Find upcoming Christian hip-hop concerts and festivals in Colorado.,https://kingdomcircuit.com/shows/colorado/,"index,follow",Christian Hip-Hop Shows in Colorado,109,20,False,True,
https://kingdomcircuit.com/shows/columbus-ohio/,city,200,https://kingdomcircuit.com/shows/columbus-ohio/?full-audit=1,"Christian Hip-Hop Shows in Columbus, OH | The Kingdom Circuit","Find upcoming Christian hip-hop concerts and festivals in Columbus, Ohio.",https://kingdomcircuit.com/shows/columbus-ohio/,"index,follow",Christian Hip-Hop Shows in Columbus,139,26,False,True,
https://kingdomcircuit.com/shows/corbin-kentucky/,city,200,https://kingdomcircuit.com/shows/corbin-kentucky/?full-audit=1,"Christian Hip-Hop Shows in Corbin, KY | The Kingdom Circuit","Find upcoming Christian hip-hop concerts and festivals in Corbin, Kentucky.",https://kingdomcircuit.com/shows/corbin-kentucky/,"index,follow",Christian Hip-Hop Shows in Corbin,116,24,False,True,
https://kingdomcircuit.com/shows/corona-new-york/,city,200,https://kingdomcircuit.com/shows/corona-new-york/?full-audit=1,"Christian Hip-Hop Shows in Corona, NY | The Kingdom Circuit","Find upcoming Christian hip-hop concerts and festivals in Corona, New York.",https://kingdomcircuit.com/shows/corona-new-york/,"index,follow",Christian Hip-Hop Shows in Corona,102,20,False,True,
https://kingdomcircuit.com/shows/corpus-christi-texas/,city,200,https://kingdomcircuit.com/shows/corpus-christi-texas/?full-audit=1,"Christian Hip-Hop Shows in Corpus Christi, TX | The Kingdom Circuit","Find upcoming Christian hip-hop concerts and festivals in Corpus Christi, Texas.",https://kingdomcircuit.com/shows/corpus-christi-texas/,"index,follow",Christian Hip-Hop Shows in Corpus Christi,107,20,False,True,
https://kingdomcircuit.com/shows/dallas-texas/,city,200,https://kingdomcircuit.com/shows/dallas-texas/?full-audit=1,"Christian Hip-Hop Shows in Dallas, TX | The Kingdom Circuit","Find upcoming Christian hip-hop concerts and festivals in Dallas, Texas.",https://kingdomcircuit.com/shows/dallas-texas/,"index,follow",Christian Hip-Hop Shows in Dallas,145,26,False,True,
https://kingdomcircuit.com/shows/daytona-beach-florida/,city,200,https://kingdomcircuit.com/shows/daytona-beach-florida/?full-audit=1,"Christian Hip-Hop Shows in Daytona Beach, FL | The Kingdom Circuit","Find upcoming Christian hip-hop concerts and festivals in Daytona Beach, Florida.",https://kingdomcircuit.com/shows/daytona-beach-florida/,"index,follow",Christian Hip-Hop Shows in Daytona Beach,129,27,False,True,
https://kingdomcircuit.com/shows/december-2026/,month,200,https://kingdomcircuit.com/shows/december-2026/?full-audit=1,Christian Hip-Hop Shows in December 2026 | The Kingdom Circuit,Find Christian hip-hop concerts and festivals in December 2026.,https://kingdomcircuit.com/shows/december-2026/,"index,follow",Christian Hip-Hop Shows in December 2026,187,28,False,True,
https://kingdomcircuit.com/shows/denver-colorado/,city,200,https://kingdomcircuit.com/shows/denver-colorado/?full-audit=1,"Christian Hip-Hop Shows in Denver, CO | The Kingdom Circuit","Find upcoming Christian hip-hop concerts and festivals in Denver, Colorado.",https://kingdomcircuit.com/shows/denver-colorado/,"index,follow",Christian Hip-Hop Shows in Denver,110,21,False,True,
https://kingdomcircuit.com/shows/detroit-michigan/,city,200,https://kingdomcircuit.com/shows/detroit-michigan/?full-audit=1,"Christian Hip-Hop Shows in Detroit, MI | The Kingdom Circuit","Find upcoming Christian hip-hop concerts and festivals in Detroit, Michigan.",https://kingdomcircuit.com/shows/detroit-michigan/,"index,follow",Christian Hip-Hop Shows in Detroit,106,22,False,True,
https://kingdomcircuit.com/shows/district-of-columbia/,state,200,https://kingdomcircuit.com/shows/district-of-columbia/?full-audit=1,Christian Hip-Hop Shows in District of Columbia | The Kingdom Circuit,Find upcoming Christian hip-hop concerts and festivals in District of Columbia.,https://kingdomcircuit.com/shows/district-of-columbia/,"index,follow",Christian Hip-Hop Shows in District of Columbia,113,19,False,True,
https://kingdomcircuit.com/shows/dunedin-florida/,city,200,https://kingdomcircuit.com/shows/dunedin-florida/?full-audit=1,"Christian Hip-Hop Shows in Dunedin, FL | The Kingdom Circuit","Find upcoming Christian hip-hop concerts and festivals in Dunedin, Florida.",https://kingdomcircuit.com/shows/dunedin-florida/,"index,follow",Christian Hip-Hop Shows in Dunedin,112,22,False,True,
https://kingdomcircuit.com/shows/fair-oaks-california/,city,200,https://kingdomcircuit.com/shows/fair-oaks-california/?full-audit=1,"Christian Hip-Hop Shows in Fair Oaks, CA | The Kingdom Circuit","Find upcoming Christian hip-hop concerts and festivals in Fair Oaks, California.",https://kingdomcircuit.com/shows/fair-oaks-california/,"index,follow",Christian Hip-Hop Shows in Fair Oaks,113,20,False,True,
https://kingdomcircuit.com/shows/fair-oaks-sacramento-california/,city,200,https://kingdomcircuit.com/shows/fair-oaks-sacramento-california/?full-audit=1,"Christian Hip-Hop Shows in Fair Oaks (Sacramento), CA | The Kingdom Circuit","Find upcoming Christian hip-hop concerts and festivals in Fair Oaks (Sacramento), California.",https://kingdomcircuit.com/shows/fair-oaks-sacramento-california/,"index,follow",Christian Hip-Hop Shows in Fair Oaks (Sacramento),120,20,False,True,
https://kingdomcircuit.com/shows/fargo-north-dakota/,city,200,https://kingdomcircuit.com/shows/fargo-north-dakota/?full-audit=1,"Christian Hip-Hop Shows in Fargo, ND | The Kingdom Circuit","Find upcoming Christian hip-hop concerts and festivals in Fargo, North Dakota.",https://kingdomcircuit.com/shows/fargo-north-dakota/,"index,follow",Christian Hip-Hop Shows in Fargo,103,20,False,True,
https://kingdomcircuit.com/shows/fayetteville-arkansas/,city,200,https://kingdomcircuit.com/shows/fayetteville-arkansas/?full-audit=1,"Christian Hip-Hop Shows in Fayetteville, AR | The Kingdom Circuit","Find upcoming Christian hip-hop concerts and festivals in Fayetteville, Arkansas.",https://kingdomcircuit.com/shows/fayetteville-arkansas/,"index,follow",Christian Hip-Hop Shows in Fayetteville,102,20,False,True,
https://kingdomcircuit.com/shows/ferndale-michigan/,city,200,https://kingdomcircuit.com/shows/ferndale-michigan/?full-audit=1,"Christian Hip-Hop Shows in Ferndale, MI | The Kingdom Circuit","Find upcoming Christian hip-hop concerts and festivals in Ferndale, Michigan.",https://kingdomcircuit.com/shows/ferndale-michigan/,"index,follow",Christian Hip-Hop Shows in Ferndale,110,21,False,True,
https://kingdomcircuit.com/shows/florida/,state,200,https://kingdomcircuit.com/shows/florida/?full-audit=1,Christian Hip-Hop Shows in Florida | The Kingdom Circuit,Find upcoming Christian hip-hop concerts and festivals in Florida.,https://kingdomcircuit.com/shows/florida/,"index,follow",Christian Hip-Hop Shows in Florida,329,51,False,True,
https://kingdomcircuit.com/shows/forest-falls-california/,city,200,https://kingdomcircuit.com/shows/forest-falls-california/?full-audit=1,"Christian Hip-Hop Shows in Forest Falls, CA | The Kingdom Circuit","Find upcoming Christian hip-hop concerts and festivals in Forest Falls, California.",https://kingdomcircuit.com/shows/forest-falls-california/,"index,follow",Christian Hip-Hop Shows in Forest Falls,108,20,False,True,
https://kingdomcircuit.com/shows/fresno-california/,city,200,https://kingdomcircuit.com/shows/fresno-california/?full-audit=1,"Christian Hip-Hop Shows in Fresno, CA | The Kingdom Circuit","Find upcoming Christian hip-hop concerts and festivals in Fresno, California.",https://kingdomcircuit.com/shows/fresno-california/,"index,follow",Christian Hip-Hop Shows in Fresno,125,23,False,True,
https://kingdomcircuit.com/shows/georgia/,state,200,https://kingdomcircuit.com/shows/georgia/?full-audit=1,Christian Hip-Hop Shows in Georgia | The Kingdom Circuit,Find upcoming Christian hip-hop concerts and festivals in Georgia.,https://kingdomcircuit.com/shows/georgia/,"index,follow",Christian Hip-Hop Shows in Georgia,160,28,False,True,
https://kingdomcircuit.com/shows/grand-rapids-michigan/,city,200,https://kingdomcircuit.com/shows/grand-rapids-michigan/?full-audit=1,"Christian Hip-Hop Shows in Grand Rapids, MI | The Kingdom Circuit","Find upcoming Christian hip-hop concerts and festivals in Grand Rapids, Michigan.",https://kingdomcircuit.com/shows/grand-rapids-michigan/,"index,follow",Christian Hip-Hop Shows in Grand Rapids,127,23,False,True,
https://kingdomcircuit.com/shows/houston-texas/,city,200,https://kingdomcircuit.com/shows/houston-texas/?full-audit=1,"Christian Hip-Hop Shows in Houston, TX | The Kingdom Circuit","Find upcoming Christian hip-hop concerts and festivals in Houston, Texas.",https://kingdomcircuit.com/shows/houston-texas/,"index,follow",Christian Hip-Hop Shows in Houston,267,38,False,True,
https://kingdomcircuit.com/shows/illinois/,state,200,https://kingdomcircuit.com/shows/illinois/?full-audit=1,Christian Hip-Hop Shows in Illinois | The Kingdom Circuit,Find upcoming Christian hip-hop concerts and festivals in Illinois.,https://kingdomcircuit.com/shows/illinois/,"index,follow",Christian Hip-Hop Shows in Illinois,138,25,False,True,
https://kingdomcircuit.com/shows/indiana/,state,200,https://kingdomcircuit.com/shows/indiana/?full-audit=1,Christian Hip-Hop Shows in Indiana | The Kingdom Circuit,Find upcoming Christian hip-hop concerts and festivals in Indiana.,https://kingdomcircuit.com/shows/indiana/,"index,follow",Christian Hip-Hop Shows in Indiana,127,22,False,True,
https://kingdomcircuit.com/shows/indianapolis-indiana/,city,200,https://kingdomcircuit.com/shows/indianapolis-indiana/?full-audit=1,"Christian Hip-Hop Shows in Indianapolis, IN | The Kingdom Circuit","Find upcoming Christian hip-hop concerts and festivals in Indianapolis, Indiana.",https://kingdomcircuit.com/shows/indianapolis-indiana/,"index,follow",Christian Hip-Hop Shows in Indianapolis,128,23,False,True,
https://kingdomcircuit.com/shows/isle-minnesota/,city,200,https://kingdomcircuit.com/shows/isle-minnesota/?full-audit=1,"Christian Hip-Hop Shows in Isle, MN | The Kingdom Circuit","Find upcoming Christian hip-hop concerts and festivals in Isle, Minnesota.",https://kingdomcircuit.com/shows/isle-minnesota/,"index,follow",Christian Hip-Hop Shows in Isle,109,21,False,True,
https://kingdomcircuit.com/shows/jacksonville-florida/,city,200,https://kingdomcircuit.com/shows/jacksonville-florida/?full-audit=1,"Christian Hip-Hop Shows in Jacksonville, FL | The Kingdom Circuit","Find upcoming Christian hip-hop concerts and festivals in Jacksonville, Florida.",https://kingdomcircuit.com/shows/jacksonville-florida/,"index,follow",Christian Hip-Hop Shows in Jacksonville,132,24,False,True,
https://kingdomcircuit.com/shows/jamestown-north-dakota/,city,200,https://kingdomcircuit.com/shows/jamestown-north-dakota/?full-audit=1,"Christian Hip-Hop Shows in Jamestown, ND | The Kingdom Circuit","Find upcoming Christian hip-hop concerts and festivals in Jamestown, North Dakota.",https://kingdomcircuit.com/shows/jamestown-north-dakota/,"index,follow",Christian Hip-Hop Shows in Jamestown,103,20,False,True,
https://kingdomcircuit.com/shows/kentucky/,state,200,https://kingdomcircuit.com/shows/kentucky/?full-audit=1,Christian Hip-Hop Shows in Kentucky | The Kingdom Circuit,Find upcoming Christian hip-hop concerts and festivals in Kentucky.,https://kingdomcircuit.com/shows/kentucky/,"index,follow",Christian Hip-Hop Shows in Kentucky,115,23,False,True,
https://kingdomcircuit.com/shows/leander-austin-texas/,city,200,https://kingdomcircuit.com/shows/leander-austin-texas/?full-audit=1,"Christian Hip-Hop Shows in Leander (Austin), TX | The Kingdom Circuit","Find upcoming Christian hip-hop concerts and festivals in Leander (Austin), Texas.",https://kingdomcircuit.com/shows/leander-austin-texas/,"index,follow",Christian Hip-Hop Shows in Leander (Austin),114,20,False,True,
https://kingdomcircuit.com/shows/leander-texas/,city,200,https://kingdomcircuit.com/shows/leander-texas/?full-audit=1,"Christian Hip-Hop Shows in Leander, TX | The Kingdom Circuit","Find upcoming Christian hip-hop concerts and festivals in Leander, Texas.",https://kingdomcircuit.com/shows/leander-texas/,"index,follow",Christian Hip-Hop Shows in Leander,106,20,False,True,
https://kingdomcircuit.com/shows/los-angeles-california/,city,200,https://kingdomcircuit.com/shows/los-angeles-california/?full-audit=1,"Christian Hip-Hop Shows in Los Angeles, CA | The Kingdom Circuit","Find upcoming Christian hip-hop concerts and festivals in Los Angeles, California.",https://kingdomcircuit.com/shows/los-angeles-california/,"index,follow",Christian Hip-Hop Shows in Los Angeles,160,27,False,True,
https://kingdomcircuit.com/shows/manteca-california/,city,200,https://kingdomcircuit.com/shows/manteca-california/?full-audit=1,"Christian Hip-Hop Shows in Manteca, CA | The Kingdom Circuit","Find upcoming Christian hip-hop concerts and festivals in Manteca, California.",https://kingdomcircuit.com/shows/manteca-california/,"index,follow",Christian Hip-Hop Shows in Manteca,99,20,False,True,
https://kingdomcircuit.com/shows/maryland/,state,200,https://kingdomcircuit.com/shows/maryland/?full-audit=1,Christian Hip-Hop Shows in Maryland | The Kingdom Circuit,Find upcoming Christian hip-hop concerts and festivals in Maryland.,https://kingdomcircuit.com/shows/maryland/,"index,follow",Christian Hip-Hop Shows in Maryland,107,21,False,True,
https://kingdomcircuit.com/shows/massachusetts/,state,200,https://kingdomcircuit.com/shows/massachusetts/?full-audit=1,Christian Hip-Hop Shows in Massachusetts | The Kingdom Circuit,Find upcoming Christian hip-hop concerts and festivals in Massachusetts.,https://kingdomcircuit.com/shows/massachusetts/,"index,follow",Christian Hip-Hop Shows in Massachusetts,105,21,False,True,
https://kingdomcircuit.com/shows/memphis-tennessee/,city,200,https://kingdomcircuit.com/shows/memphis-tennessee/?full-audit=1,"Christian Hip-Hop Shows in Memphis, TN | The Kingdom Circuit","Find upcoming Christian hip-hop concerts and festivals in Memphis, Tennessee.",https://kingdomcircuit.com/shows/memphis-tennessee/,"index,follow",Christian Hip-Hop Shows in Memphis,105,20,False,True,
https://kingdomcircuit.com/shows/miami-beach-florida/,city,200,https://kingdomcircuit.com/shows/miami-beach-florida/?full-audit=1,"Christian Hip-Hop Shows in Miami Beach, FL | The Kingdom Circuit","Find upcoming Christian hip-hop concerts and festivals in Miami Beach, Florida.",https://kingdomcircuit.com/shows/miami-beach-florida/,"index,follow",Christian Hip-Hop Shows in Miami Beach,109,20,False,True,
https://kingdomcircuit.com/shows/michigan/,state,200,https://kingdomcircuit.com/shows/michigan/?full-audit=1,Christian Hip-Hop Shows in Michigan | The Kingdom Circuit,Find upcoming Christian hip-hop concerts and festivals in Michigan.,https://kingdomcircuit.com/shows/michigan/,"index,follow",Christian Hip-Hop Shows in Michigan,216,34,False,True,
https://kingdomcircuit.com/shows/mineola-texas/,city,200,https://kingdomcircuit.com/shows/mineola-texas/?full-audit=1,"Christian Hip-Hop Shows in Mineola, TX | The Kingdom Circuit","Find upcoming Christian hip-hop concerts and festivals in Mineola, Texas.",https://kingdomcircuit.com/shows/mineola-texas/,"index,follow",Christian Hip-Hop Shows in Mineola,107,20,False,True,
https://kingdomcircuit.com/shows/minneapolis-minnesota/,city,200,https://kingdomcircuit.com/shows/minneapolis-minnesota/?full-audit=1,"Christian Hip-Hop Shows in Minneapolis, MN | The Kingdom Circuit","Find upcoming Christian hip-hop concerts and festivals in Minneapolis, Minnesota.",https://kingdomcircuit.com/shows/minneapolis-minnesota/,"index,follow",Christian Hip-Hop Shows in Minneapolis,101,20,False,True,
https://kingdomcircuit.com/shows/minnesota/,state,200,https://kingdomcircuit.com/shows/minnesota/?full-audit=1,Christian Hip-Hop Shows in Minnesota | The Kingdom Circuit,Find upcoming Christian hip-hop concerts and festivals in Minnesota.,https://kingdomcircuit.com/shows/minnesota/,"index,follow",Christian Hip-Hop Shows in Minnesota,160,27,False,True,
https://kingdomcircuit.com/shows/missouri/,state,200,https://kingdomcircuit.com/shows/missouri/?full-audit=1,Christian Hip-Hop Shows in Missouri | The Kingdom Circuit,Find upcoming Christian hip-hop concerts and festivals in Missouri.,https://kingdomcircuit.com/shows/missouri/,"index,follow",Christian Hip-Hop Shows in Missouri,109,19,False,True,
https://kingdomcircuit.com/shows/nashville-tennessee/,city,200,https://kingdomcircuit.com/shows/nashville-tennessee/?full-audit=1,"Christian Hip-Hop Shows in Nashville, TN | The Kingdom Circuit","Find upcoming Christian hip-hop concerts and festivals in Nashville, Tennessee.",https://kingdomcircuit.com/shows/nashville-tennessee/,"index,follow",Christian Hip-Hop Shows in Nashville,132,24,False,True,
https://kingdomcircuit.com/shows/new-york-new-york/,city,200,https://kingdomcircuit.com/shows/new-york-new-york/?full-audit=1,"Christian Hip-Hop Shows in New York, NY | The Kingdom Circuit","Find upcoming Christian hip-hop concerts and festivals in New York, New York.",https://kingdomcircuit.com/shows/new-york-new-york/,"index,follow",Christian Hip-Hop Shows in New York,231,35,False,True,
https://kingdomcircuit.com/shows/new-york/,state,200,https://kingdomcircuit.com/shows/new-york/?full-audit=1,Christian Hip-Hop Shows in New York | The Kingdom Circuit,Find upcoming Christian hip-hop concerts and festivals in New York.,https://kingdomcircuit.com/shows/new-york/,"index,follow",Christian Hip-Hop Shows in New York,284,40,False,True,
https://kingdomcircuit.com/shows/north-carolina/,state,200,https://kingdomcircuit.com/shows/north-carolina/?full-audit=1,Christian Hip-Hop Shows in North Carolina | The Kingdom Circuit,Find upcoming Christian hip-hop concerts and festivals in North Carolina.,https://kingdomcircuit.com/shows/north-carolina/,"index,follow",Christian Hip-Hop Shows in North Carolina,200,31,False,True,
https://kingdomcircuit.com/shows/north-dakota/,state,200,https://kingdomcircuit.com/shows/north-dakota/?full-audit=1,Christian Hip-Hop Shows in North Dakota | The Kingdom Circuit,Find upcoming Christian hip-hop concerts and festivals in North Dakota.,https://kingdomcircuit.com/shows/north-dakota/,"index,follow",Christian Hip-Hop Shows in North Dakota,130,22,False,True,
https://kingdomcircuit.com/shows/november-2026/,month,200,https://kingdomcircuit.com/shows/november-2026/?full-audit=1,Christian Hip-Hop Shows in November 2026 | The Kingdom Circuit,Find Christian hip-hop concerts and festivals in November 2026.,https://kingdomcircuit.com/shows/november-2026/,"index,follow",Christian Hip-Hop Shows in November 2026,510,69,False,True,
https://kingdomcircuit.com/shows/oceanside-california/,city,200,https://kingdomcircuit.com/shows/oceanside-california/?full-audit=1,"Christian Hip-Hop Shows in Oceanside, CA | The Kingdom Circuit","Find upcoming Christian hip-hop concerts and festivals in Oceanside, California.",https://kingdomcircuit.com/shows/oceanside-california/,"index,follow",Christian Hip-Hop Shows in Oceanside,105,20,False,True,
https://kingdomcircuit.com/shows/october-2026/,month,200,https://kingdomcircuit.com/shows/october-2026/?full-audit=1,Christian Hip-Hop Shows in October 2026 | The Kingdom Circuit,Find Christian hip-hop concerts and festivals in October 2026.,https://kingdomcircuit.com/shows/october-2026/,"index,follow",Christian Hip-Hop Shows in October 2026,497,63,False,True,
https://kingdomcircuit.com/shows/ohio/,state,200,https://kingdomcircuit.com/shows/ohio/?full-audit=1,Christian Hip-Hop Shows in Ohio | The Kingdom Circuit,Find upcoming Christian hip-hop concerts and festivals in Ohio.,https://kingdomcircuit.com/shows/ohio/,"index,follow",Christian Hip-Hop Shows in Ohio,198,34,False,True,
https://kingdomcircuit.com/shows/oklahoma-city-oklahoma/,city,200,https://kingdomcircuit.com/shows/oklahoma-city-oklahoma/?full-audit=1,"Christian Hip-Hop Shows in Oklahoma City, OK | The Kingdom Circuit","Find upcoming Christian hip-hop concerts and festivals in Oklahoma City, Oklahoma.",https://kingdomcircuit.com/shows/oklahoma-city-oklahoma/,"index,follow",Christian Hip-Hop Shows in Oklahoma City,109,20,False,True,
https://kingdomcircuit.com/shows/oklahoma/,state,200,https://kingdomcircuit.com/shows/oklahoma/?full-audit=1,Christian Hip-Hop Shows in Oklahoma | The Kingdom Circuit,Find upcoming Christian hip-hop concerts and festivals in Oklahoma.,https://kingdomcircuit.com/shows/oklahoma/,"index,follow",Christian Hip-Hop Shows in Oklahoma,103,19,False,True,
https://kingdomcircuit.com/shows/oregon/,state,200,https://kingdomcircuit.com/shows/oregon/?full-audit=1,Christian Hip-Hop Shows in Oregon | The Kingdom Circuit,Find upcoming Christian hip-hop concerts and festivals in Oregon.,https://kingdomcircuit.com/shows/oregon/,"index,follow",Christian Hip-Hop Shows in Oregon,97,19,False,True,
https://kingdomcircuit.com/shows/orlando-florida/,city,200,https://kingdomcircuit.com/shows/orlando-florida/?full-audit=1,"Christian Hip-Hop Shows in Orlando, FL | The Kingdom Circuit","Find upcoming Christian hip-hop concerts and festivals in Orlando, Florida.",https://kingdomcircuit.com/shows/orlando-florida/,"index,follow",Christian Hip-Hop Shows in Orlando,129,23,False,True,
https://kingdomcircuit.com/shows/patterson-california/,city,200,https://kingdomcircuit.com/shows/patterson-california/?full-audit=1,"Christian Hip-Hop Shows in Patterson, CA | The Kingdom Circuit","Find upcoming Christian hip-hop concerts and festivals in Patterson, California.",https://kingdomcircuit.com/shows/patterson-california/,"index,follow",Christian Hip-Hop Shows in Patterson,100,20,False,True,
https://kingdomcircuit.com/shows/pennsylvania/,state,200,https://kingdomcircuit.com/shows/pennsylvania/?full-audit=1,Christian Hip-Hop Shows in Pennsylvania | The Kingdom Circuit,Find upcoming Christian hip-hop concerts and festivals in Pennsylvania.,https://kingdomcircuit.com/shows/pennsylvania/,"index,follow",Christian Hip-Hop Shows in Pennsylvania,161,33,False,True,
https://kingdomcircuit.com/shows/philadelphia-pennsylvania/,city,200,https://kingdomcircuit.com/shows/philadelphia-pennsylvania/?full-audit=1,"Christian Hip-Hop Shows in Philadelphia, PA | The Kingdom Circuit","Find upcoming Christian hip-hop concerts and festivals in Philadelphia, Pennsylvania.",https://kingdomcircuit.com/shows/philadelphia-pennsylvania/,"index,follow",Christian Hip-Hop Shows in Philadelphia,129,25,False,True,
https://kingdomcircuit.com/shows/phoenix-arizona/,city,200,https://kingdomcircuit.com/shows/phoenix-arizona/?full-audit=1,"Christian Hip-Hop Shows in Phoenix, AZ | The Kingdom Circuit","Find upcoming Christian hip-hop concerts and festivals in Phoenix, Arizona.",https://kingdomcircuit.com/shows/phoenix-arizona/,"index,follow",Christian Hip-Hop Shows in Phoenix,139,26,False,True,
https://kingdomcircuit.com/shows/portland-oregon/,city,200,https://kingdomcircuit.com/shows/portland-oregon/?full-audit=1,"Christian Hip-Hop Shows in Portland, OR | The Kingdom Circuit","Find upcoming Christian hip-hop concerts and festivals in Portland, Oregon.",https://kingdomcircuit.com/shows/portland-oregon/,"index,follow",Christian Hip-Hop Shows in Portland,98,20,False,True,
https://kingdomcircuit.com/shows/richmond-houston-texas/,city,200,https://kingdomcircuit.com/shows/richmond-houston-texas/?full-audit=1,"Christian Hip-Hop Shows in Richmond (Houston), TX | The Kingdom Circuit","Find upcoming Christian hip-hop concerts and festivals in Richmond (Houston), Texas.",https://kingdomcircuit.com/shows/richmond-houston-texas/,"index,follow",Christian Hip-Hop Shows in Richmond (Houston),114,20,False,True,
https://kingdomcircuit.com/shows/richmond-texas/,city,200,https://kingdomcircuit.com/shows/richmond-texas/?full-audit=1,"Christian Hip-Hop Shows in Richmond, TX | The Kingdom Circuit","Find upcoming Christian hip-hop concerts and festivals in Richmond, Texas.",https://kingdomcircuit.com/shows/richmond-texas/,"index,follow",Christian Hip-Hop Shows in Richmond,107,20,False,True,
https://kingdomcircuit.com/shows/sacramento-california/,city,200,https://kingdomcircuit.com/shows/sacramento-california/?full-audit=1,"Christian Hip-Hop Shows in Sacramento, CA | The Kingdom Circuit","Find upcoming Christian hip-hop concerts and festivals in Sacramento, California.",https://kingdomcircuit.com/shows/sacramento-california/,"index,follow",Christian Hip-Hop Shows in Sacramento,106,22,False,True,
https://kingdomcircuit.com/shows/san-antonio-texas/,city,200,https://kingdomcircuit.com/shows/san-antonio-texas/?full-audit=1,"Christian Hip-Hop Shows in San Antonio, TX | The Kingdom Circuit","Find upcoming Christian hip-hop concerts and festivals in San Antonio, Texas.",https://kingdomcircuit.com/shows/san-antonio-texas/,"index,follow",Christian Hip-Hop Shows in San Antonio,143,25,False,True,
https://kingdomcircuit.com/shows/san-diego-california/,city,200,https://kingdomcircuit.com/shows/san-diego-california/?full-audit=1,"Christian Hip-Hop Shows in San Diego, CA | The Kingdom Circuit","Find upcoming Christian hip-hop concerts and festivals in San Diego, California.",https://kingdomcircuit.com/shows/san-diego-california/,"index,follow",Christian Hip-Hop Shows in San Diego,113,22,False,True,
https://kingdomcircuit.com/shows/santa-ana-california/,city,200,https://kingdomcircuit.com/shows/santa-ana-california/?full-audit=1,"Christian Hip-Hop Shows in Santa Ana, CA | The Kingdom Circuit","Find upcoming Christian hip-hop concerts and festivals in Santa Ana, California.",https://kingdomcircuit.com/shows/santa-ana-california/,"index,follow",Christian Hip-Hop Shows in Santa Ana,106,20,False,True,
https://kingdomcircuit.com/shows/saratoga-springs-new-york/,city,200,https://kingdomcircuit.com/shows/saratoga-springs-new-york/?full-audit=1,"Christian Hip-Hop Shows in Saratoga Springs, NY | The Kingdom Circuit","Find upcoming Christian hip-hop concerts and festivals in Saratoga Springs, New York.",https://kingdomcircuit.com/shows/saratoga-springs-new-york/,"index,follow",Christian Hip-Hop Shows in Saratoga Springs,115,20,False,True,
https://kingdomcircuit.com/shows/seattle-washington/,city,200,https://kingdomcircuit.com/shows/seattle-washington/?full-audit=1,"Christian Hip-Hop Shows in Seattle, WA | The Kingdom Circuit","Find upcoming Christian hip-hop concerts and festivals in Seattle, Washington.",https://kingdomcircuit.com/shows/seattle-washington/,"index,follow",Christian Hip-Hop Shows in Seattle,101,20,False,True,
https://kingdomcircuit.com/shows/september-2026/,month,200,https://kingdomcircuit.com/shows/september-2026/?full-audit=1,Christian Hip-Hop Shows in September 2026 | The Kingdom Circuit,Find Christian hip-hop concerts and festivals in September 2026.,https://kingdomcircuit.com/shows/september-2026/,"index,follow",Christian Hip-Hop Shows in September 2026,1500,200,False,True,
https://kingdomcircuit.com/shows/shippensburg-pennsylvania/,city,200,https://kingdomcircuit.com/shows/shippensburg-pennsylvania/?full-audit=1,"Christian Hip-Hop Shows in Shippensburg, PA | The Kingdom Circuit","Find upcoming Christian hip-hop concerts and festivals in Shippensburg, Pennsylvania.",https://kingdomcircuit.com/shows/shippensburg-pennsylvania/,"index,follow",Christian Hip-Hop Shows in Shippensburg,109,26,False,True,
https://kingdomcircuit.com/shows/silver-spring-maryland/,city,200,https://kingdomcircuit.com/shows/silver-spring-maryland/?full-audit=1,"Christian Hip-Hop Shows in Silver Spring, MD | The Kingdom Circuit","Find upcoming Christian hip-hop concerts and festivals in Silver Spring, Maryland.",https://kingdomcircuit.com/shows/silver-spring-maryland/,"index,follow",Christian Hip-Hop Shows in Silver Spring,113,22,False,True,
https://kingdomcircuit.com/shows/sioux-falls-south-dakota/,city,200,https://kingdomcircuit.com/shows/sioux-falls-south-dakota/?full-audit=1,"Christian Hip-Hop Shows in Sioux Falls, SD | The Kingdom Circuit","Find upcoming Christian hip-hop concerts and festivals in Sioux Falls, South Dakota.",https://kingdomcircuit.com/shows/sioux-falls-south-dakota/,"index,follow",Christian Hip-Hop Shows in Sioux Falls,108,20,False,True,
https://kingdomcircuit.com/shows/south-dakota/,state,200,https://kingdomcircuit.com/shows/south-dakota/?full-audit=1,Christian Hip-Hop Shows in South Dakota | The Kingdom Circuit,Find upcoming Christian hip-hop concerts and festivals in South Dakota.,https://kingdomcircuit.com/shows/south-dakota/,"index,follow",Christian Hip-Hop Shows in South Dakota,105,19,False,True,
https://kingdomcircuit.com/shows/south-houston-texas/,city,200,https://kingdomcircuit.com/shows/south-houston-texas/?full-audit=1,"Christian Hip-Hop Shows in South Houston, TX | The Kingdom Circuit","Find upcoming Christian hip-hop concerts and festivals in South Houston, Texas.",https://kingdomcircuit.com/shows/south-houston-texas/,"index,follow",Christian Hip-Hop Shows in South Houston,111,20,False,True,
https://kingdomcircuit.com/shows/southlake-dallas-texas/,city,200,https://kingdomcircuit.com/shows/southlake-dallas-texas/?full-audit=1,"Christian Hip-Hop Shows in Southlake (Dallas), TX | The Kingdom Circuit","Find upcoming Christian hip-hop concerts and festivals in Southlake (Dallas), Texas.",https://kingdomcircuit.com/shows/southlake-dallas-texas/,"index,follow",Christian Hip-Hop Shows in Southlake (Dallas),114,20,False,True,
https://kingdomcircuit.com/shows/southlake-texas/,city,200,https://kingdomcircuit.com/shows/southlake-texas/?full-audit=1,"Christian Hip-Hop Shows in Southlake, TX | The Kingdom Circuit","Find upcoming Christian hip-hop concerts and festivals in Southlake, Texas.",https://kingdomcircuit.com/shows/southlake-texas/,"index,follow",Christian Hip-Hop Shows in Southlake,107,20,False,True,
https://kingdomcircuit.com/shows/sparta-tennessee/,city,200,https://kingdomcircuit.com/shows/sparta-tennessee/?full-audit=1,"Christian Hip-Hop Shows in Sparta, TN | The Kingdom Circuit","Find upcoming Christian hip-hop concerts and festivals in Sparta, Tennessee.",https://kingdomcircuit.com/shows/sparta-tennessee/,"index,follow",Christian Hip-Hop Shows in Sparta,115,25,False,True,
https://kingdomcircuit.com/shows/sponsor-charlotte-north-carolina/,city,200,https://kingdomcircuit.com/shows/sponsor-charlotte-north-carolina/?full-audit=1,"Christian Hip-Hop Shows in Sponsor Charlotte, NC | The Kingdom Circuit","Find upcoming Christian hip-hop concerts and festivals in Sponsor Charlotte, North Carolina.",https://kingdomcircuit.com/shows/sponsor-charlotte-north-carolina/,"index,follow",Christian Hip-Hop Shows in Sponsor Charlotte,115,20,False,True,
https://kingdomcircuit.com/shows/sponsor-kansas-city-missouri/,city,200,https://kingdomcircuit.com/shows/sponsor-kansas-city-missouri/?full-audit=1,"Christian Hip-Hop Shows in Sponsor Kansas City, MO | The Kingdom Circuit","Find upcoming Christian hip-hop concerts and festivals in Sponsor Kansas City, Missouri.",https://kingdomcircuit.com/shows/sponsor-kansas-city-missouri/,"index,follow",Christian Hip-Hop Shows in Sponsor Kansas City,120,20,False,True,
https://kingdomcircuit.com/shows/sponsor-nashville-tennessee/,city,200,https://kingdomcircuit.com/shows/sponsor-nashville-tennessee/?full-audit=1,"Christian Hip-Hop Shows in Sponsor Nashville, TN | The Kingdom Circuit","Find upcoming Christian hip-hop concerts and festivals in Sponsor Nashville, Tennessee.",https://kingdomcircuit.com/shows/sponsor-nashville-tennessee/,"index,follow",Christian Hip-Hop Shows in Sponsor Nashville,113,20,False,True,
https://kingdomcircuit.com/shows/sponsor-sacramento-california/,city,200,https://kingdomcircuit.com/shows/sponsor-sacramento-california/?full-audit=1,"Christian Hip-Hop Shows in Sponsor Sacramento, CA | The Kingdom Circuit","Find upcoming Christian hip-hop concerts and festivals in Sponsor Sacramento, California.",https://kingdomcircuit.com/shows/sponsor-sacramento-california/,"index,follow",Christian Hip-Hop Shows in Sponsor Sacramento,113,20,False,True,
https://kingdomcircuit.com/shows/sponsor-san-diego-california/,city,200,https://kingdomcircuit.com/shows/sponsor-san-diego-california/?full-audit=1,"Christian Hip-Hop Shows in Sponsor San Diego, CA | The Kingdom Circuit","Find upcoming Christian hip-hop concerts and festivals in Sponsor San Diego, California.",https://kingdomcircuit.com/shows/sponsor-san-diego-california/,"index,follow",Christian Hip-Hop Shows in Sponsor San Diego,120,20,False,True,
https://kingdomcircuit.com/shows/spring-valley-district-of-columbia/,city,200,https://kingdomcircuit.com/shows/spring-valley-district-of-columbia/?full-audit=1,"Christian Hip-Hop Shows in Spring Valley, DC | The Kingdom Circuit","Find upcoming Christian hip-hop concerts and festivals in Spring Valley, District of Columbia.",https://kingdomcircuit.com/shows/spring-valley-district-of-columbia/,"index,follow",Christian Hip-Hop Shows in Spring Valley,113,20,False,True,
https://kingdomcircuit.com/shows/tampa-florida/,city,200,https://kingdomcircuit.com/shows/tampa-florida/?full-audit=1,"Christian Hip-Hop Shows in Tampa, FL | The Kingdom Circuit","Find upcoming Christian hip-hop concerts and festivals in Tampa, Florida.",https://kingdomcircuit.com/shows/tampa-florida/,"index,follow",Christian Hip-Hop Shows in Tampa,109,21,False,True,
https://kingdomcircuit.com/shows/tennessee/,state,200,https://kingdomcircuit.com/shows/tennessee/?full-audit=1,Christian Hip-Hop Shows in Tennessee | The Kingdom Circuit,Find upcoming Christian hip-hop concerts and festivals in Tennessee.,https://kingdomcircuit.com/shows/tennessee/,"index,follow",Christian Hip-Hop Shows in Tennessee,263,40,False,True,
https://kingdomcircuit.com/shows/texas/,state,200,https://kingdomcircuit.com/shows/texas/?full-audit=1,Christian Hip-Hop Shows in Texas | The Kingdom Circuit,Find upcoming Christian hip-hop concerts and festivals in Texas.,https://kingdomcircuit.com/shows/texas/,"index,follow",Christian Hip-Hop Shows in Texas,707,84,False,True,
https://kingdomcircuit.com/shows/this-month/,core,200,https://kingdomcircuit.com/shows/this-month/?full-audit=1,Christian Hip-Hop Shows in August 2026 | The Kingdom Circuit,Find verified Christian hip-hop concerts and festivals happening in August 2026.,https://kingdomcircuit.com/shows/this-month/,"index,follow",Christian Hip-Hop Shows This Month,894,115,False,False,
https://kingdomcircuit.com/shows/visalia-california/,city,200,https://kingdomcircuit.com/shows/visalia-california/?full-audit=1,"Christian Hip-Hop Shows in Visalia, CA | The Kingdom Circuit","Find upcoming Christian hip-hop concerts and festivals in Visalia, California.",https://kingdomcircuit.com/shows/visalia-california/,"index,follow",Christian Hip-Hop Shows in Visalia,101,20,False,True,
https://kingdomcircuit.com/shows/waite-park-minnesota/,city,200,https://kingdomcircuit.com/shows/waite-park-minnesota/?full-audit=1,"Christian Hip-Hop Shows in Waite Park, MN | The Kingdom Circuit","Find upcoming Christian hip-hop concerts and festivals in Waite Park, Minnesota.",https://kingdomcircuit.com/shows/waite-park-minnesota/,"index,follow",Christian Hip-Hop Shows in Waite Park,108,21,False,True,
https://kingdomcircuit.com/shows/washington/,state,200,https://kingdomcircuit.com/shows/washington/?full-audit=1,Christian Hip-Hop Shows in Washington | The Kingdom Circuit,Find upcoming Christian hip-hop concerts and festivals in Washington.,https://kingdomcircuit.com/shows/washington/,"index,follow",Christian Hip-Hop Shows in Washington,100,19,False,True,
https://kingdomcircuit.com/shows/whites-creek-tennessee/,city,200,https://kingdomcircuit.com/shows/whites-creek-tennessee/?full-audit=1,"Christian Hip-Hop Shows in Whites Creek, TN | The Kingdom Circuit","Find upcoming Christian hip-hop concerts and festivals in Whites Creek, Tennessee.",https://kingdomcircuit.com/shows/whites-creek-tennessee/,"index,follow",Christian Hip-Hop Shows in Whites Creek,113,20,False,True,
https://kingdomcircuit.com/shows/whittier-california/,city,200,https://kingdomcircuit.com/shows/whittier-california/?full-audit=1,"Christian Hip-Hop Shows in Whittier, CA | The Kingdom Circuit","Find upcoming Christian hip-hop concerts and festivals in Whittier, California.",https://kingdomcircuit.com/shows/whittier-california/,"index,follow",Christian Hip-Hop Shows in Whittier,100,20,False,True,
https://kingdomcircuit.com/submit/,core,200,https://kingdomcircuit.com/submit/?full-audit=1,Submit a CHH Show | The Kingdom Circuit,Submit a verified Christian hip-hop event.,https://kingdomcircuit.com/submit/,"index,follow",Submit a CHH Show,147,15,False,False,
